game_id,season,week,gameday,team,opponent,points_for,points_against,rest_days,is_home,win
2024_01_ARI_BUF,2024,1,2024-09-08,ARI,BUF,28,34,7,0,0
2024_01_ARI_BUF,2024,1,2024-09-08,BUF,ARI,34,28,7,1,1
2024_01_BAL_KC,2024,1,2024-09-05,BAL,KC,20,27,7,0,0
2024_01_BAL_KC,2024,1,2024-09-05,KC,BAL,27,20,7,1,1
2024_01_CAR_NO,2024,1,2024-09-08,CAR,NO,10,47,7,0,0
2024_01_CAR_NO,2024,1,2024-09-08,NO,CAR,47,10,7,1,1
2024_01_DAL_CLE,2024,1,2024-09-08,CLE,DAL,17,33,7,1,0
2024_01_DAL_CLE,2024,1,2024-09-08,DAL,CLE,33,17,7,0,1
2024_01_DEN_SEA,2024,1,2024-09-08,DEN,SEA,20,26,7,0,0
2024_01_DEN_SEA,2024,1,2024-09-08,SEA,DEN,26,20,7,1,1
2024_01_GB_PHI,2024,1,2024-09-06,GB,PHI,29,34,7,0,0
2024_01_GB_PHI,2024,1,2024-09-06,PHI,GB,34,29,7,1,1
2024_01_HOU_IND,2024,1,2024-09-08,HOU,IND,29,27,7,0,1
2024_01_HOU_IND,2024,1,2024-09-08,IND,HOU,27,29,7,1,0
2024_01_JAX_MIA,2024,1,2024-09-08,JAX,MIA,17,20,7,0,0
2024_01_JAX_MIA,2024,1,2024-09-08,MIA,JAX,20,17,7,1,1
2024_01_LA_DET,2024,1,2024-09-08,DET,LA,26,20,7,1,1
2024_01_LA_DET,2024,1,2024-09-08,LA,DET,20,26,7,0,0
2024_01_LV_LAC,2024,1,2024-09-08,LAC,LV,22,10,7,1,1
2024_01_LV_LAC,2024,1,2024-09-08,LV,LAC,10,22,7,0,0
2024_01_MIN_NYG,2024,1,2024-09-08,MIN,NYG,28,6,7,0,1
2024_01_MIN_NYG,2024,1,2024-09-08,NYG,MIN,6,28,7,1,0
2024_01_NE_CIN,2024,1,2024-09-08,CIN,NE,10,16,7,1,0
2024_01_NE_CIN,2024,1,2024-09-08,NE,CIN,16,10,7,0,1
2024_01_NYJ_SF,2024,1,2024-09-09,NYJ,SF,19,32,7,0,0
2024_01_NYJ_SF,2024,1,2024-09-09,SF,NYJ,32,19,7,1,1
2024_01_PIT_ATL,2024,1,2024-09-08,ATL,PIT,10,18,7,1,0
2024_01_PIT_ATL,2024,1,2024-09-08,PIT,ATL,18,10,7,0,1
2024_01_TEN_CHI,2024,1,2024-09-08,CHI,TEN,24,17,7,1,1
2024_01_TEN_CHI,2024,1,2024-09-08,TEN,CHI,17,24,7,0,0
2024_01_WAS_TB,2024,1,2024-09-08,TB,WAS,37,20,7,1,1
2024_01_WAS_TB,2024,1,2024-09-08,WAS,TB,20,37,7,0,0
2024_02_ATL_PHI,2024,2,2024-09-16,ATL,PHI,22,21,8,0,1
2024_02_ATL_PHI,2024,2,2024-09-16,PHI,ATL,21,22,10,1,0
2024_02_BUF_MIA,2024,2,2024-09-12,BUF,MIA,31,10,4,0,1
2024_02_BUF_MIA,2024,2,2024-09-12,MIA,BUF,10,31,4,1,0
2024_02_CHI_HOU,2024,2,2024-09-15,CHI,HOU,13,19,7,0,0
2024_02_CHI_HOU,2024,2,2024-09-15,HOU,CHI,19,13,7,1,1
2024_02_CIN_KC,2024,2,2024-09-15,CIN,KC,25,26,7,0,0
2024_02_CIN_KC,2024,2,2024-09-15,KC,CIN,26,25,10,1,1
2024_02_CLE_JAX,2024,2,2024-09-15,CLE,JAX,18,13,7,0,1
2024_02_CLE_JAX,2024,2,2024-09-15,JAX,CLE,13,18,7,1,0
2024_02_IND_GB,2024,2,2024-09-15,GB,IND,16,10,9,1,1
2024_02_IND_GB,2024,2,2024-09-15,IND,GB,10,16,7,0,0
2024_02_LAC_CAR,2024,2,2024-09-15,CAR,LAC,3,26,7,1,0
2024_02_LAC_CAR,2024,2,2024-09-15,LAC,CAR,26,3,7,0,1
2024_02_LA_ARI,2024,2,2024-09-15,ARI,LA,41,10,7,1,1
2024_02_LA_ARI,2024,2,2024-09-15,LA,ARI,10,41,7,0,0
2024_02_LV_BAL,2024,2,2024-09-15,BAL,LV,23,26,10,1,0
2024_02_LV_BAL,2024,2,2024-09-15,LV,BAL,26,23,7,0,1
2024_02_NO_DAL,2024,2,2024-09-15,DAL,NO,19,44,7,1,0
2024_02_NO_DAL,2024,2,2024-09-15,NO,DAL,44,19,7,0,1
2024_02_NYG_WAS,2024,2,2024-09-15,NYG,WAS,18,21,7,0,0
2024_02_NYG_WAS,2024,2,2024-09-15,WAS,NYG,21,18,7,1,1
2024_02_NYJ_TEN,2024,2,2024-09-15,NYJ,TEN,24,17,6,0,1
2024_02_NYJ_TEN,2024,2,2024-09-15,TEN,NYJ,17,24,7,1,0
2024_02_PIT_DEN,2024,2,2024-09-15,DEN,PIT,6,13,7,1,0
2024_02_PIT_DEN,2024,2,2024-09-15,PIT,DEN,13,6,7,0,1
2024_02_SEA_NE,2024,2,2024-09-15,NE,SEA,20,23,7,1,0
2024_02_SEA_NE,2024,2,2024-09-15,SEA,NE,23,20,7,0,1
2024_02_SF_MIN,2024,2,2024-09-15,MIN,SF,23,17,7,1,1
2024_02_SF_MIN,2024,2,2024-09-15,SF,MIN,17,23,6,0,0
2024_02_TB_DET,2024,2,2024-09-15,DET,TB,16,20,7,1,0
2024_02_TB_DET,2024,2,2024-09-15,TB,DET,20,16,7,0,1
2024_03_BAL_DAL,2024,3,2024-09-22,BAL,DAL,28,25,7,0,1
2024_03_BAL_DAL,2024,3,2024-09-22,DAL,BAL,25,28,7,1,0
2024_03_CAR_LV,2024,3,2024-09-22,CAR,LV,36,22,7,0,1
2024_03_CAR_LV,2024,3,2024-09-22,LV,CAR,22,36,7,1,0
2024_03_CHI_IND,2024,3,2024-09-22,CHI,IND,16,21,7,0,0
2024_03_CHI_IND,2024,3,2024-09-22,IND,CHI,21,16,7,1,1
2024_03_DEN_TB,2024,3,2024-09-22,DEN,TB,26,7,7,0,1
2024_03_DEN_TB,2024,3,2024-09-22,TB,DEN,7,26,7,1,0
2024_03_DET_ARI,2024,3,2024-09-22,ARI,DET,13,20,7,1,0
2024_03_DET_ARI,2024,3,2024-09-22,DET,ARI,20,13,7,0,1
2024_03_GB_TEN,2024,3,2024-09-22,GB,TEN,30,14,7,0,1
2024_03_GB_TEN,2024,3,2024-09-22,TEN,GB,14,30,7,1,0
2024_03_HOU_MIN,2024,3,2024-09-22,HOU,MIN,7,34,7,0,0
2024_03_HOU_MIN,2024,3,2024-09-22,MIN,HOU,34,7,7,1,1
2024_03_JAX_BUF,2024,3,2024-09-23,BUF,JAX,47,10,11,1,1
2024_03_JAX_BUF,2024,3,2024-09-23,JAX,BUF,10,47,8,0,0
2024_03_KC_ATL,2024,3,2024-09-22,ATL,KC,17,22,6,1,0
2024_03_KC_ATL,2024,3,2024-09-22,KC,ATL,22,17,7,0,1
2024_03_LAC_PIT,2024,3,2024-09-22,LAC,PIT,10,20,7,0,0
2024_03_LAC_PIT,2024,3,2024-09-22,PIT,LAC,20,10,7,1,1
2024_03_MIA_SEA,2024,3,2024-09-22,MIA,SEA,3,24,10,0,0
2024_03_MIA_SEA,2024,3,2024-09-22,SEA,MIA,24,3,7,1,1
2024_03_NE_NYJ,2024,3,2024-09-19,NE,NYJ,3,24,4,0,0
2024_03_NE_NYJ,2024,3,2024-09-19,NYJ,NE,24,3,4,1,1
2024_03_NYG_CLE,2024,3,2024-09-22,CLE,NYG,15,21,7,1,0
2024_03_NYG_CLE,2024,3,2024-09-22,NYG,CLE,21,15,7,0,1
2024_03_PHI_NO,2024,3,2024-09-22,NO,PHI,12,15,7,1,0
2024_03_PHI_NO,2024,3,2024-09-22,PHI,NO,15,12,6,0,1
2024_03_SF_LA,2024,3,2024-09-22,LA,SF,27,24,7,1,1
2024_03_SF_LA,2024,3,2024-09-22,SF,LA,24,27,7,0,0
2024_03_WAS_CIN,2024,3,2024-09-23,CIN,WAS,33,38,8,1,0
2024_03_WAS_CIN,2024,3,2024-09-23,WAS,CIN,38,33,8,0,1
2024_04_BUF_BAL,2024,4,2024-09-29,BAL,BUF,35,10,7,1,1
2024_04_BUF_BAL,2024,4,2024-09-29,BUF,BAL,10,35,6,0,0
2024_04_CIN_CAR,2024,4,2024-09-29,CAR,CIN,24,34,7,1,0
2024_04_CIN_CAR,2024,4,2024-09-29,CIN,CAR,34,24,6,0,1
2024_04_CLE_LV,2024,4,2024-09-29,CLE,LV,16,20,7,0,0
2024_04_CLE_LV,2024,4,2024-09-29,LV,CLE,20,16,7,1,1
2024_04_DAL_NYG,2024,4,2024-09-26,DAL,NYG,20,15,4,0,1
2024_04_DAL_NYG,2024,4,2024-09-26,NYG,DAL,15,20,4,1,0
2024_04_DEN_NYJ,2024,4,2024-09-29,DEN,NYJ,10,9,7,0,1
2024_04_DEN_NYJ,2024,4,2024-09-29,NYJ,DEN,9,10,10,1,0
2024_04_JAX_HOU,2024,4,2024-09-29,HOU,JAX,24,20,7,1,1
2024_04_JAX_HOU,2024,4,2024-09-29,JAX,HOU,20,24,6,0,0
2024_04_KC_LAC,2024,4,2024-09-29,KC,LAC,17,10,7,0,1
2024_04_KC_LAC,2024,4,2024-09-29,LAC,KC,10,17,7,1,0
2024_04_LA_CHI,2024,4,2024-09-29,CHI,LA,24,18,7,1,1
2024_04_LA_CHI,2024,4,2024-09-29,LA,CHI,18,24,7,0,0
2024_04_MIN_GB,2024,4,2024-09-29,GB,MIN,29,31,7,1,0
2024_04_MIN_GB,2024,4,2024-09-29,MIN,GB,31,29,7,0,1
2024_04_NE_SF,2024,4,2024-09-29,NE,SF,13,30,10,0,0
2024_04_NE_SF,2024,4,2024-09-29,SF,NE,30,13,7,1,1
2024_04_NO_ATL,2024,4,2024-09-29,ATL,NO,26,24,7,1,1
2024_04_NO_ATL,2024,4,2024-09-29,NO,ATL,24,26,7,0,0
2024_04_PHI_TB,2024,4,2024-09-29,PHI,TB,16,33,7,0,0
2024_04_PHI_TB,2024,4,2024-09-29,TB,PHI,33,16,7,1,1
2024_04_PIT_IND,2024,4,2024-09-29,IND,PIT,27,24,7,1,1
2024_04_PIT_IND,2024,4,2024-09-29,PIT,IND,24,27,7,0,0
2024_04_SEA_DET,2024,4,2024-09-30,DET,SEA,42,29,8,1,1
2024_04_SEA_DET,2024,4,2024-09-30,SEA,DET,29,42,8,0,0
2024_04_TEN_MIA,2024,4,2024-09-30,MIA,TEN,12,31,8,1,0
2024_04_TEN_MIA,2024,4,2024-09-30,TEN,MIA,31,12,8,0,1
2024_04_WAS_ARI,2024,4,2024-09-29,ARI,WAS,14,42,7,1,0
2024_04_WAS_ARI,2024,4,2024-09-29,WAS,ARI,42,14,6,0,1
2024_05_ARI_SF,2024,5,2024-10-06,ARI,SF,24,23,7,0,1
2024_05_ARI_SF,2024,5,2024-10-06,SF,ARI,23,24,7,1,0
2024_05_BAL_CIN,2024,5,2024-10-06,BAL,CIN,41,38,7,0,1
2024_05_BAL_CIN,2024,5,2024-10-06,CIN,BAL,38,41,7,1,0
2024_05_BUF_HOU,2024,5,2024-10-06,BUF,HOU,20,23,7,0,0
2024_05_BUF_HOU,2024,5,2024-10-06,HOU,BUF,23,20,7,1,1
2024_05_CAR_CHI,2024,5,2024-10-06,CAR,CHI,10,36,7,0,0
2024_05_CAR_CHI,2024,5,2024-10-06,CHI,CAR,36,10,7,1,1
2024_05_CLE_WAS,2024,5,2024-10-06,CLE,WAS,13,34,7,0,0
2024_05_CLE_WAS,2024,5,2024-10-06,WAS,CLE,34,13,7,1,1
2024_05_DAL_PIT,2024,5,2024-10-06,DAL,PIT,20,17,10,0,1
2024_05_DAL_PIT,2024,5,2024-10-06,PIT,DAL,17,20,7,1,0
2024_05_GB_LA,2024,5,2024-10-06,GB,LA,24,19,7,0,1
2024_05_GB_LA,2024,5,2024-10-06,LA,GB,19,24,7,1,0
2024_05_IND_JAX,2024,5,2024-10-06,IND,JAX,34,37,7,0,0
2024_05_IND_JAX,2024,5,2024-10-06,JAX,IND,37,34,7,1,1
2024_05_LV_DEN,2024,5,2024-10-06,DEN,LV,34,18,7,1,1
2024_05_LV_DEN,2024,5,2024-10-06,LV,DEN,18,34,7,0,0
2024_05_MIA_NE,2024,5,2024-10-06,MIA,NE,15,10,6,0,1
2024_05_MIA_NE,2024,5,2024-10-06,NE,MIA,10,15,7,1,0
2024_05_NO_KC,2024,5,2024-10-07,KC,NO,26,13,8,1,1
2024_05_NO_KC,2024,5,2024-10-07,NO,KC,13,26,8,0,0
2024_05_NYG_SEA,2024,5,2024-10-06,NYG,SEA,29,20,10,0,1
2024_05_NYG_SEA,2024,5,2024-10-06,SEA,NYG,20,29,6,1,0
2024_05_NYJ_MIN,2024,5,2024-10-06,MIN,NYJ,23,17,7,1,1
2024_05_NYJ_MIN,2024,5,2024-10-06,NYJ,MIN,17,23,7,0,0
2024_05_TB_ATL,2024,5,2024-10-03,ATL,TB,36,30,4,1,1
2024_05_TB_ATL,2024,5,2024-10-03,TB,ATL,30,36,4,0,0
2024_06_ARI_GB,2024,6,2024-10-13,ARI,GB,13,34,7,0,0
2024_06_ARI_GB,2024,6,2024-10-13,GB,ARI,34,13,7,1,1
2024_06_ATL_CAR,2024,6,2024-10-13,ATL,CAR,38,20,10,0,1
2024_06_ATL_CAR,2024,6,2024-10-13,CAR,ATL,20,38,7,1,0
2024_06_BUF_NYJ,2024,6,2024-10-14,BUF,NYJ,23,20,8,0,1
2024_06_BUF_NYJ,2024,6,2024-10-14,NYJ,BUF,20,23,8,1,0
2024_06_CIN_NYG,2024,6,2024-10-13,CIN,NYG,17,7,7,0,1
2024_06_CIN_NYG,2024,6,2024-10-13,NYG,CIN,7,17,7,1,0
2024_06_CLE_PHI,2024,6,2024-10-13,CLE,PHI,16,20,7,0,0
2024_06_CLE_PHI,2024,6,2024-10-13,PHI,CLE,20,16,14,1,1
2024_06_DET_DAL,2024,6,2024-10-13,DAL,DET,9,47,7,1,0
2024_06_DET_DAL,2024,6,2024-10-13,DET,DAL,47,9,13,0,1
2024_06_HOU_NE,2024,6,2024-10-13,HOU,NE,41,21,7,0,1
2024_06_HOU_NE,2024,6,2024-10-13,NE,HOU,21,41,7,1,0
2024_06_IND_TEN,2024,6,2024-10-13,IND,TEN,20,17,7,0,1
2024_06_IND_TEN,2024,6,2024-10-13,TEN,IND,17,20,13,1,0
2024_06_JAX_CHI,2024,6,2024-10-13,CHI,JAX,35,16,7,1,1
2024_06_JAX_CHI,2024,6,2024-10-13,JAX,CHI,16,35,7,0,0
2024_06_LAC_DEN,2024,6,2024-10-13,DEN,LAC,16,23,7,1,0
2024_06_LAC_DEN,2024,6,2024-10-13,LAC,DEN,23,16,14,0,1
2024_06_PIT_LV,2024,6,2024-10-13,LV,PIT,13,32,7,1,0
2024_06_PIT_LV,2024,6,2024-10-13,PIT,LV,32,13,7,0,1
2024_06_SF_SEA,2024,6,2024-10-10,SEA,SF,24,36,4,1,0
2024_06_SF_SEA,2024,6,2024-10-10,SF,SEA,36,24,4,0,1
2024_06_TB_NO,2024,6,2024-10-13,NO,TB,27,51,6,1,0
2024_06_TB_NO,2024,6,2024-10-13,TB,NO,51,27,10,0,1
2024_06_WAS_BAL,2024,6,2024-10-13,BAL,WAS,30,23,7,1,1
2024_06_WAS_BAL,2024,6,2024-10-13,WAS,BAL,23,30,7,0,0
2024_07_BAL_TB,2024,7,2024-10-21,BAL,TB,41,31,8,0,1
2024_07_BAL_TB,2024,7,2024-10-21,TB,BAL,31,41,8,1,0
2024_07_CAR_WAS,2024,7,2024-10-20,CAR,WAS,7,40,7,0,0
2024_07_CAR_WAS,2024,7,2024-10-20,WAS,CAR,40,7,7,1,1
2024_07_CIN_CLE,2024,7,2024-10-20,CIN,CLE,21,14,7,0,1
2024_07_CIN_CLE,2024,7,2024-10-20,CLE,CIN,14,21,7,1,0
2024_07_DEN_NO,2024,7,2024-10-17,DEN,NO,33,10,4,0,1
2024_07_DEN_NO,2024,7,2024-10-17,NO,DEN,10,33,4,1,0
2024_07_DET_MIN,2024,7,2024-10-20,DET,MIN,31,29,7,0,1
2024_07_DET_MIN,2024,7,2024-10-20,MIN,DET,29,31,14,1,0
2024_07_HOU_GB,2024,7,2024-10-20,GB,HOU,24,22,7,1,1
2024_07_HOU_GB,2024,7,2024-10-20,HOU,GB,22,24,7,0,0
2024_07_KC_SF,2024,7,2024-10-20,KC,SF,28,18,13,0,1
2024_07_KC_SF,2024,7,2024-10-20,SF,KC,18,28,10,1,0
2024_07_LAC_ARI,2024,7,2024-10-21,ARI,LAC,17,15,8,1,1
2024_07_LAC_ARI,2024,7,2024-10-21,LAC,ARI,15,17,8,0,0
2024_07_LV_LA,2024,7,2024-10-20,LA,LV,20,15,14,1,1
2024_07_LV_LA,2024,7,2024-10-20,LV,LA,15,20,7,0,0
2024_07_MIA_IND,2024,7,2024-10-20,IND,MIA,16,10,7,1,1
2024_07_MIA_IND,2024,7,2024-10-20,MIA,IND,10,16,14,0,0
2024_07_NE_JAX,2024,7,2024-10-20,JAX,NE,32,16,7,1,1
2024_07_NE_JAX,2024,7,2024-10-20,NE,JAX,16,32,7,0,0
2024_07_NYJ_PIT,2024,7,2024-10-20,NYJ,PIT,15,37,6,0,0
2024_07_NYJ_PIT,2024,7,2024-10-20,PIT,NYJ,37,15,7,1,1
2024_07_PHI_NYG,2024,7,2024-10-20,NYG,PHI,3,28,7,1,0
2024_07_PHI_NYG,2024,7,2024-10-20,PHI,NYG,28,3,7,0,1
2024_07_SEA_ATL,2024,7,2024-10-20,ATL,SEA,14,34,7,1,0
2024_07_SEA_ATL,2024,7,2024-10-20,SEA,ATL,34,14,10,0,1
2024_07_TEN_BUF,2024,7,2024-10-20,BUF,TEN,34,10,6,1,1
2024_07_TEN_BUF,2024,7,2024-10-20,TEN,BUF,10,34,7,0,0
2024_08_ARI_MIA,2024,8,2024-10-27,ARI,MIA,28,27,6,0,1
2024_08_ARI_MIA,2024,8,2024-10-27,MIA,ARI,27,28,7,1,0
2024_08_ATL_TB,2024,8,2024-10-27,ATL,TB,31,26,7,0,1
2024_08_ATL_TB,2024,8,2024-10-27,TB,ATL,26,31,6,1,0
2024_08_BAL_CLE,2024,8,2024-10-27,BAL,CLE,24,29,6,0,0
2024_08_BAL_CLE,2024,8,2024-10-27,CLE,BAL,29,24,7,1,1
2024_08_BUF_SEA,2024,8,2024-10-27,BUF,SEA,31,10,7,0,1
2024_08_BUF_SEA,2024,8,2024-10-27,SEA,BUF,10,31,7,1,0
2024_08_CAR_DEN,2024,8,2024-10-27,CAR,DEN,14,28,7,0,0
2024_08_CAR_DEN,2024,8,2024-10-27,DEN,CAR,28,14,10,1,1
2024_08_CHI_WAS,2024,8,2024-10-27,CHI,WAS,15,18,14,0,0
2024_08_CHI_WAS,2024,8,2024-10-27,WAS,CHI,18,15,7,1,1
2024_08_DAL_SF,2024,8,2024-10-27,DAL,SF,24,30,14,0,0
2024_08_DAL_SF,2024,8,2024-10-27,SF,DAL,30,24,7,1,1
2024_08_GB_JAX,2024,8,2024-10-27,GB,JAX,30,27,7,0,1
2024_08_GB_JAX,2024,8,2024-10-27,JAX,GB,27,30,7,1,0
2024_08_IND_HOU,2024,8,2024-10-27,HOU,IND,23,20,7,1,1
2024_08_IND_HOU,2024,8,2024-10-27,IND,HOU,20,23,7,0,0
2024_08_KC_LV,2024,8,2024-10-27,KC,LV,27,20,7,0,1
2024_08_KC_LV,2024,8,2024-10-27,LV,KC,20,27,7,1,0
2024_08_MIN_LA,2024,8,2024-10-24,LA,MIN,30,20,4,1,1
2024_08_MIN_LA,2024,8,2024-10-24,MIN,LA,20,30,4,0,0
2024_08_NO_LAC,2024,8,2024-10-27,LAC,NO,26,8,6,1,1
2024_08_NO_LAC,2024,8,2024-10-27,NO,LAC,8,26,10,0,0
2024_08_NYG_PIT,2024,8,2024-10-28,NYG,PIT,18,26,8,0,0
2024_08_NYG_PIT,2024,8,2024-10-28,PIT,NYG,26,18,8,1,1
2024_08_NYJ_NE,2024,8,2024-10-27,NE,NYJ,25,22,7,1,1
2024_08_NYJ_NE,2024,8,2024-10-27,NYJ,NE,22,25,7,0,0
2024_08_PHI_CIN,2024,8,2024-10-27,CIN,PHI,17,37,7,1,0
2024_08_PHI_CIN,2024,8,2024-10-27,PHI,CIN,37,17,7,0,1
2024_08_TEN_DET,2024,8,2024-10-27,DET,TEN,52,14,7,1,1
2024_08_TEN_DET,2024,8,2024-10-27,TEN,DET,14,52,7,0,0
2024_09_CHI_ARI,2024,9,2024-11-03,ARI,CHI,29,9,7,1,1
2024_09_CHI_ARI,2024,9,2024-11-03,CHI,ARI,9,29,7,0,0
2024_09_DAL_ATL,2024,9,2024-11-03,ATL,DAL,27,21,7,1,1
2024_09_DAL_ATL,2024,9,2024-11-03,DAL,ATL,21,27,7,0,0
2024_09_DEN_BAL,2024,9,2024-11-03,BAL,DEN,41,10,7,1,1
2024_09_DEN_BAL,2024,9,2024-11-03,DEN,BAL,10,41,7,0,0
2024_09_DET_GB,2024,9,2024-11-03,DET,GB,24,14,7,0,1
2024_09_DET_GB,2024,9,2024-11-03,GB,DET,14,24,7,1,0
2024_09_HOU_NYJ,2024,9,2024-10-31,HOU,NYJ,13,21,4,0,0
2024_09_HOU_NYJ,2024,9,2024-10-31,NYJ,HOU,21,13,4,1,1
2024_09_IND_MIN,2024,9,2024-11-03,IND,MIN,13,21,7,0,0
2024_09_IND_MIN,2024,9,2024-11-03,MIN,IND,21,13,10,1,1
2024_09_JAX_PHI,2024,9,2024-11-03,JAX,PHI,23,28,7,0,0
2024_09_JAX_PHI,2024,9,2024-11-03,PHI,JAX,28,23,7,1,1
2024_09_LAC_CLE,2024,9,2024-11-03,CLE,LAC,10,27,7,1,0
2024_09_LAC_CLE,2024,9,2024-11-03,LAC,CLE,27,10,7,0,1
2024_09_LA_SEA,2024,9,2024-11-03,LA,SEA,26,20,10,0,1
2024_09_LA_SEA,2024,9,2024-11-03,SEA,LA,20,26,7,1,0
2024_09_LV_CIN,2024,9,2024-11-03,CIN,LV,41,24,7,1,1
2024_09_LV_CIN,2024,9,2024-11-03,LV,CIN,24,41,7,0,0
2024_09_MIA_BUF,2024,9,2024-11-03,BUF,MIA,30,27,7,1,1
2024_09_MIA_BUF,2024,9,2024-11-03,MIA,BUF,27,30,7,0,0
2024_09_NE_TEN,2024,9,2024-11-03,NE,TEN,17,20,7,0,0
2024_09_NE_TEN,2024,9,2024-11-03,TEN,NE,20,17,7,1,1
2024_09_NO_CAR,2024,9,2024-11-03,CAR,NO,23,22,7,1,1
2024_09_NO_CAR,2024,9,2024-11-03,NO,CAR,22,23,7,0,0
2024_09_TB_KC,2024,9,2024-11-04,KC,TB,30,24,8,1,1
2024_09_TB_KC,2024,9,2024-11-04,TB,KC,24,30,8,0,0
2024_09_WAS_NYG,2024,9,2024-11-03,NYG,WAS,22,27,6,1,0
2024_09_WAS_NYG,2024,9,2024-11-03,WAS,NYG,27,22,7,0,1
2024_10_ATL_NO,2024,10,2024-11-10,ATL,NO,17,20,7,0,0
2024_10_ATL_NO,2024,10,2024-11-10,NO,ATL,20,17,7,1,1
2024_10_BUF_IND,2024,10,2024-11-10,BUF,IND,30,20,7,0,1
2024_10_BUF_IND,2024,10,2024-11-10,IND,BUF,20,30,7,1,0
2024_10_CIN_BAL,2024,10,2024-11-07,BAL,CIN,35,34,4,1,1
2024_10_CIN_BAL,2024,10,2024-11-07,CIN,BAL,34,35,4,0,0
2024_10_DEN_KC,2024,10,2024-11-10,DEN,KC,14,16,7,0,0
2024_10_DEN_KC,2024,10,2024-11-10,KC,DEN,16,14,6,1,1
2024_10_DET_HOU,2024,10,2024-11-10,DET,HOU,26,23,7,0,1
2024_10_DET_HOU,2024,10,2024-11-10,HOU,DET,23,26,10,1,0
2024_10_MIA_LA,2024,10,2024-11-11,LA,MIA,15,23,8,1,0
2024_10_MIA_LA,2024,10,2024-11-11,MIA,LA,23,15,8,0,1
2024_10_MIN_JAX,2024,10,2024-11-10,JAX,MIN,7,12,7,1,0
2024_10_MIN_JAX,2024,10,2024-11-10,MIN,JAX,12,7,7,0,1
2024_10_NE_CHI,2024,10,2024-11-10,CHI,NE,3,19,7,1,0
2024_10_NE_CHI,2024,10,2024-11-10,NE,CHI,19,3,7,0,1
2024_10_NYG_CAR,2024,10,2024-11-10,CAR,NYG,20,17,7,1,1
2024_10_NYG_CAR,2024,10,2024-11-10,NYG,CAR,17,20,7,0,0
2024_10_NYJ_ARI,2024,10,2024-11-10,ARI,NYJ,31,6,7,1,1
2024_10_NYJ_ARI,2024,10,2024-11-10,NYJ,ARI,6,31,10,0,0
2024_10_PHI_DAL,2024,10,2024-11-10,DAL,PHI,6,34,7,1,0
2024_10_PHI_DAL,2024,10,2024-11-10,PHI,DAL,34,6,7,0,1
2024_10_PIT_WAS,2024,10,2024-11-10,PIT,WAS,28,27,13,0,1
2024_10_PIT_WAS,2024,10,2024-11-10,WAS,PIT,27,28,7,1,0
2024_10_SF_TB,2024,10,2024-11-10,SF,TB,23,20,14,0,1
2024_10_SF_TB,2024,10,2024-11-10,TB,SF,20,23,6,1,0
2024_10_TEN_LAC,2024,10,2024-11-10,LAC,TEN,27,17,7,1,1
2024_10_TEN_LAC,2024,10,2024-11-10,TEN,LAC,17,27,7,0,0
2024_11_ATL_DEN,2024,11,2024-11-17,ATL,DEN,6,38,7,0,0
2024_11_ATL_DEN,2024,11,2024-11-17,DEN,ATL,38,6,7,1,1
2024_11_BAL_PIT,2024,11,2024-11-17,BAL,PIT,16,18,10,0,0
2024_11_BAL_PIT,2024,11,2024-11-17,PIT,BAL,18,16,7,1,1
2024_11_CIN_LAC,2024,11,2024-11-17,CIN,LAC,27,34,10,0,0
2024_11_CIN_LAC,2024,11,2024-11-17,LAC,CIN,34,27,7,1,1
2024_11_CLE_NO,2024,11,2024-11-17,CLE,NO,14,35,14,0,0
2024_11_CLE_NO,2024,11,2024-11-17,NO,CLE,35,14,7,1,1
2024_11_GB_CHI,2024,11,2024-11-17,CHI,GB,19,20,7,1,0
2024_11_GB_CHI,2024,11,2024-11-17,GB,CHI,20,19,14,0,1
2024_11_HOU_DAL,2024,11,2024-11-18,DAL,HOU,10,34,8,1,0
2024_11_HOU_DAL,2024,11,2024-11-18,HOU,DAL,34,10,8,0,1
2024_11_IND_NYJ,2024,11,2024-11-17,IND,NYJ,28,27,7,0,1
2024_11_IND_NYJ,2024,11,2024-11-17,NYJ,IND,27,28,7,1,0
2024_11_JAX_DET,2024,11,2024-11-17,DET,JAX,52,6,7,1,1
2024_11_JAX_DET,2024,11,2024-11-17,JAX,DET,6,52,7,0,0
2024_11_KC_BUF,2024,11,2024-11-17,BUF,KC,30,21,7,1,1
2024_11_KC_BUF,2024,11,2024-11-17,KC,BUF,21,30,7,0,0
2024_11_LA_NE,2024,11,2024-11-17,LA,NE,28,22,6,0,1
2024_11_LA_NE,2024,11,2024-11-17,NE,LA,22,28,7,1,0
2024_11_LV_MIA,2024,11,2024-11-17,LV,MIA,19,34,14,0,0
2024_11_LV_MIA,2024,11,2024-11-17,MIA,LV,34,19,6,1,1
2024_11_MIN_TEN,2024,11,2024-11-17,MIN,TEN,23,13,7,0,1
2024_11_MIN_TEN,2024,11,2024-11-17,TEN,MIN,13,23,7,1,0
2024_11_SEA_SF,2024,11,2024-11-17,SEA,SF,20,17,14,0,1
2024_11_SEA_SF,2024,11,2024-11-17,SF,SEA,17,20,7,1,0
2024_11_WAS_PHI,2024,11,2024-11-14,PHI,WAS,26,18,4,1,1
2024_11_WAS_PHI,2024,11,2024-11-14,WAS,PHI,18,26,4,0,0
2024_12_ARI_SEA,2024,12,2024-11-24,ARI,SEA,6,16,14,0,0
2024_12_ARI_SEA,2024,12,2024-11-24,SEA,ARI,16,6,7,1,1
2024_12_BAL_LAC,2024,12,2024-11-25,BAL,LAC,30,23,8,0,1
2024_12_BAL_LAC,2024,12,2024-11-25,LAC,BAL,23,30,8,1,0
2024_12_DAL_WAS,2024,12,2024-11-24,DAL,WAS,34,26,6,0,1
2024_12_DAL_WAS,2024,12,2024-11-24,WAS,DAL,26,34,10,1,0
2024_12_DEN_LV,2024,12,2024-11-24,DEN,LV,29,19,7,0,1
2024_12_DEN_LV,2024,12,2024-11-24,LV,DEN,19,29,7,1,0
2024_12_DET_IND,2024,12,2024-11-24,DET,IND,24,6,7,0,1
2024_12_DET_IND,2024,12,2024-11-24,IND,DET,6,24,7,1,0
2024_12_KC_CAR,2024,12,2024-11-24,CAR,KC,27,30,14,1,0
2024_12_KC_CAR,2024,12,2024-11-24,KC,CAR,30,27,7,0,1
2024_12_MIN_CHI,2024,12,2024-11-24,CHI,MIN,27,30,7,1,0
2024_12_MIN_CHI,2024,12,2024-11-24,MIN,CHI,30,27,7,0,1
2024_12_NE_MIA,2024,12,2024-11-24,MIA,NE,34,15,7,1,1
2024_12_NE_MIA,2024,12,2024-11-24,NE,MIA,15,34,7,0,0
2024_12_PHI_LA,2024,12,2024-11-24,LA,PHI,20,37,7,1,0
2024_12_PHI_LA,2024,12,2024-11-24,PHI,LA,37,20,10,0,1
2024_12_PIT_CLE,2024,12,2024-11-21,CLE,PIT,24,19,4,1,1
2024_12_PIT_CLE,2024,12,2024-11-21,PIT,CLE,19,24,4,0,0
2024_12_SF_GB,2024,12,2024-11-24,GB,SF,38,10,7,1,1
2024_12_SF_GB,2024,12,2024-11-24,SF,GB,10,38,7,0,0
2024_12_TB_NYG,2024,12,2024-11-24,NYG,TB,7,30,14,1,0
2024_12_TB_NYG,2024,12,2024-11-24,TB,NYG,30,7,14,0,1
2024_12_TEN_HOU,2024,12,2024-11-24,HOU,TEN,27,32,6,1,0
2024_12_TEN_HOU,2024,12,2024-11-24,TEN,HOU,32,27,7,0,1
2024_13_ARI_MIN,2024,13,2024-12-01,ARI,MIN,22,23,7,0,0
2024_13_ARI_MIN,2024,13,2024-12-01,MIN,ARI,23,22,7,1,1
2024_13_CHI_DET,2024,13,2024-11-28,CHI,DET,20,23,4,0,0
2024_13_CHI_DET,2024,13,2024-11-28,DET,CHI,23,20,4,1,1
2024_13_CLE_DEN,2024,13,2024-12-02,CLE,DEN,32,41,11,0,0
2024_13_CLE_DEN,2024,13,2024-12-02,DEN,CLE,41,32,8,1,1
2024_13_HOU_JAX,2024,13,2024-12-01,HOU,JAX,23,20,7,0,1
2024_13_HOU_JAX,2024,13,2024-12-01,JAX,HOU,20,23,14,1,0
2024_13_IND_NE,2024,13,2024-12-01,IND,NE,25,24,7,0,1
2024_13_IND_NE,2024,13,2024-12-01,NE,IND,24,25,7,1,0
2024_13_LAC_ATL,2024,13,2024-12-01,ATL,LAC,13,17,14,1,0
2024_13_LAC_ATL,2024,13,2024-12-01,LAC,ATL,17,13,6,0,1
2024_13_LA_NO,2024,13,2024-12-01,LA,NO,21,14,7,0,1
2024_13_LA_NO,2024,13,2024-12-01,NO,LA,14,21,14,1,0
2024_13_LV_KC,2024,13,2024-11-29,KC,LV,19,17,5,1,1
2024_13_LV_KC,2024,13,2024-11-29,LV,KC,17,19,5,0,0
2024_13_MIA_GB,2024,13,2024-11-28,GB,MIA,30,17,4,1,1
2024_13_MIA_GB,2024,13,2024-11-28,MIA,GB,17,30,4,0,0
2024_13_NYG_DAL,2024,13,2024-11-28,DAL,NYG,27,20,4,1,1
2024_13_NYG_DAL,2024,13,2024-11-28,NYG,DAL,20,27,4,0,0
2024_13_PHI_BAL,2024,13,2024-12-01,BAL,PHI,19,24,6,1,0
2024_13_PHI_BAL,2024,13,2024-12-01,PHI,BAL,24,19,7,0,1
2024_13_PIT_CIN,2024,13,2024-12-01,CIN,PIT,38,44,14,1,0
2024_13_PIT_CIN,2024,13,2024-12-01,PIT,CIN,44,38,10,0,1
2024_13_SEA_NYJ,2024,13,2024-12-01,NYJ,SEA,21,26,14,1,0
2024_13_SEA_NYJ,2024,13,2024-12-01,SEA,NYJ,26,21,7,0,1
2024_13_SF_BUF,2024,13,2024-12-01,BUF,SF,35,10,14,1,1
2024_13_SF_BUF,2024,13,2024-12-01,SF,BUF,10,35,7,0,0
2024_13_TB_CAR,2024,13,2024-12-01,CAR,TB,23,26,7,1,0
2024_13_TB_CAR,2024,13,2024-12-01,TB,CAR,26,23,7,0,1
2024_13_TEN_WAS,2024,13,2024-12-01,TEN,WAS,19,42,7,0,0
2024_13_TEN_WAS,2024,13,2024-12-01,WAS,TEN,42,19,7,1,1
2024_14_ATL_MIN,2024,14,2024-12-08,ATL,MIN,21,42,7,0,0
2024_14_ATL_MIN,2024,14,2024-12-08,MIN,ATL,42,21,7,1,1
2024_14_BUF_LA,2024,14,2024-12-08,BUF,LA,42,44,7,0,0
2024_14_BUF_LA,2024,14,2024-12-08,LA,BUF,44,42,7,1,1
2024_14_CAR_PHI,2024,14,2024-12-08,CAR,PHI,16,22,7,0,0
2024_14_CAR_PHI,2024,14,2024-12-08,PHI,CAR,22,16,7,1,1
2024_14_CHI_SF,2024,14,2024-12-08,CHI,SF,13,38,10,0,0
2024_14_CHI_SF,2024,14,2024-12-08,SF,CHI,38,13,7,1,1
2024_14_CIN_DAL,2024,14,2024-12-09,CIN,DAL,27,20,8,0,1
2024_14_CIN_DAL,2024,14,2024-12-09,DAL,CIN,20,27,11,1,0
2024_14_CLE_PIT,2024,14,2024-12-08,CLE,PIT,14,27,6,0,0
2024_14_CLE_PIT,2024,14,2024-12-08,PIT,CLE,27,14,7,1,1
2024_14_GB_DET,2024,14,2024-12-05,DET,GB,34,31,7,1,1
2024_14_GB_DET,2024,14,2024-12-05,GB,DET,31,34,7,0,0
2024_14_JAX_TEN,2024,14,2024-12-08,JAX,TEN,10,6,7,0,1
2024_14_JAX_TEN,2024,14,2024-12-08,TEN,JAX,6,10,7,1,0
2024_14_LAC_KC,2024,14,2024-12-08,KC,LAC,19,17,9,1,1
2024_14_LAC_KC,2024,14,2024-12-08,LAC,KC,17,19,7,0,0
2024_14_LV_TB,2024,14,2024-12-08,LV,TB,13,28,9,0,0
2024_14_LV_TB,2024,14,2024-12-08,TB,LV,28,13,7,1,1
2024_14_NO_NYG,2024,14,2024-12-08,NO,NYG,14,11,7,0,1
2024_14_NO_NYG,2024,14,2024-12-08,NYG,NO,11,14,10,1,0
2024_14_NYJ_MIA,2024,14,2024-12-08,MIA,NYJ,32,26,10,1,1
2024_14_NYJ_MIA,2024,14,2024-12-08,NYJ,MIA,26,32,7,0,0
2024_14_SEA_ARI,2024,14,2024-12-08,ARI,SEA,18,30,7,1,0
2024_14_SEA_ARI,2024,14,2024-12-08,SEA,ARI,30,18,7,0,1
2024_15_ATL_LV,2024,15,2024-12-16,ATL,LV,15,9,8,0,1
2024_15_ATL_LV,2024,15,2024-12-16,LV,ATL,9,15,8,1,0
2024_15_BAL_NYG,2024,15,2024-12-15,BAL,NYG,35,14,14,0,1
2024_15_BAL_NYG,2024,15,2024-12-15,NYG,BAL,14,35,7,1,0
2024_15_BUF_DET,2024,15,2024-12-15,BUF,DET,48,42,7,0,1
2024_15_BUF_DET,2024,15,2024-12-15,DET,BUF,42,48,10,1,0
2024_15_CHI_MIN,2024,15,2024-12-16,CHI,MIN,12,30,8,0,0
2024_15_CHI_MIN,2024,15,2024-12-16,MIN,CHI,30,12,8,1,1
2024_15_CIN_TEN,2024,15,2024-12-15,CIN,TEN,37,27,6,0,1
2024_15_CIN_TEN,2024,15,2024-12-15,TEN,CIN,27,37,7,1,0
2024_15_DAL_CAR,2024,15,2024-12-15,CAR,DAL,14,30,7,1,0
2024_15_DAL_CAR,2024,15,2024-12-15,DAL,CAR,30,14,6,0,1
2024_15_GB_SEA,2024,15,2024-12-15,GB,SEA,30,13,10,0,1
2024_15_GB_SEA,2024,15,2024-12-15,SEA,GB,13,30,7,1,0
2024_15_IND_DEN,2024,15,2024-12-15,DEN,IND,31,13,13,1,1
2024_15_IND_DEN,2024,15,2024-12-15,IND,DEN,13,31,14,0,0
2024_15_KC_CLE,2024,15,2024-12-15,CLE,KC,7,21,7,1,0
2024_15_KC_CLE,2024,15,2024-12-15,KC,CLE,21,7,7,0,1
2024_15_LA_SF,2024,15,2024-12-12,LA,SF,12,6,4,0,1
2024_15_LA_SF,2024,15,2024-12-12,SF,LA,6,12,4,1,0
2024_15_MIA_HOU,2024,15,2024-12-15,HOU,MIA,20,12,14,1,1
2024_15_MIA_HOU,2024,15,2024-12-15,MIA,HOU,12,20,7,0,0
2024_15_NE_ARI,2024,15,2024-12-15,ARI,NE,30,17,7,1,1
2024_15_NE_ARI,2024,15,2024-12-15,NE,ARI,17,30,14,0,0
2024_15_NYJ_JAX,2024,15,2024-12-15,JAX,NYJ,25,32,7,1,0
2024_15_NYJ_JAX,2024,15,2024-12-15,NYJ,JAX,32,25,7,0,1
2024_15_PIT_PHI,2024,15,2024-12-15,PHI,PIT,27,13,7,1,1
2024_15_PIT_PHI,2024,15,2024-12-15,PIT,PHI,13,27,7,0,0
2024_15_TB_LAC,2024,15,2024-12-15,LAC,TB,17,40,7,1,0
2024_15_TB_LAC,2024,15,2024-12-15,TB,LAC,40,17,7,0,1
2024_15_WAS_NO,2024,15,2024-12-15,NO,WAS,19,20,7,1,0
2024_15_WAS_NO,2024,15,2024-12-15,WAS,NO,20,19,14,0,1
2024_16_ARI_CAR,2024,16,2024-12-22,ARI,CAR,30,36,7,0,0
2024_16_ARI_CAR,2024,16,2024-12-22,CAR,ARI,36,30,7,1,1
2024_16_CLE_CIN,2024,16,2024-12-22,CIN,CLE,24,6,7,1,1
2024_16_CLE_CIN,2024,16,2024-12-22,CLE,CIN,6,24,7,0,0
2024_16_DEN_LAC,2024,16,2024-12-19,DEN,LAC,27,34,4,0,0
2024_16_DEN_LAC,2024,16,2024-12-19,LAC,DEN,34,27,4,1,1
2024_16_DET_CHI,2024,16,2024-12-22,CHI,DET,17,34,6,1,0
2024_16_DET_CHI,2024,16,2024-12-22,DET,CHI,34,17,7,0,1
2024_16_HOU_KC,2024,16,2024-12-21,HOU,KC,19,27,6,0,0
2024_16_HOU_KC,2024,16,2024-12-21,KC,HOU,27,19,6,1,1
2024_16_JAX_LV,2024,16,2024-12-22,JAX,LV,14,19,7,0,0
2024_16_JAX_LV,2024,16,2024-12-22,LV,JAX,19,14,6,1,1
2024_16_LA_NYJ,2024,16,2024-12-22,LA,NYJ,19,9,10,0,1
2024_16_LA_NYJ,2024,16,2024-12-22,NYJ,LA,9,19,7,1,0
2024_16_MIN_SEA,2024,16,2024-12-22,MIN,SEA,27,24,6,0,1
2024_16_MIN_SEA,2024,16,2024-12-22,SEA,MIN,24,27,7,1,0
2024_16_NE_BUF,2024,16,2024-12-22,BUF,NE,24,21,7,1,1
2024_16_NE_BUF,2024,16,2024-12-22,NE,BUF,21,24,7,0,0
2024_16_NO_GB,2024,16,2024-12-23,GB,NO,34,0,8,1,1
2024_16_NO_GB,2024,16,2024-12-23,NO,GB,0,34,8,0,0
2024_16_NYG_ATL,2024,16,2024-12-22,ATL,NYG,34,7,6,1,1
2024_16_NYG_ATL,2024,16,2024-12-22,NYG,ATL,7,34,7,0,0
2024_16_PHI_WAS,2024,16,2024-12-22,PHI,WAS,33,36,7,0,0
2024_16_PHI_WAS,2024,16,2024-12-22,WAS,PHI,36,33,7,1,1
2024_16_PIT_BAL,2024,16,2024-12-21,BAL,PIT,34,17,6,1,1
2024_16_PIT_BAL,2024,16,2024-12-21,PIT,BAL,17,34,6,0,0
2024_16_SF_MIA,2024,16,2024-12-22,MIA,SF,29,17,7,1,1
2024_16_SF_MIA,2024,16,2024-12-22,SF,MIA,17,29,10,0,0
2024_16_TB_DAL,2024,16,2024-12-22,DAL,TB,26,24,7,1,1
2024_16_TB_DAL,2024,16,2024-12-22,TB,DAL,24,26,7,0,0
2024_16_TEN_IND,2024,16,2024-12-22,IND,TEN,38,30,7,1,1
2024_16_TEN_IND,2024,16,2024-12-22,TEN,IND,30,38,7,0,0
2024_17_ARI_LA,2024,17,2024-12-28,ARI,LA,9,13,6,0,0
2024_17_ARI_LA,2024,17,2024-12-28,LA,ARI,13,9,6,1,1
2024_17_ATL_WAS,2024,17,2024-12-29,ATL,WAS,24,30,7,0,0
2024_17_ATL_WAS,2024,17,2024-12-29,WAS,ATL,30,24,7,1,1
2024_17_BAL_HOU,2024,17,2024-12-25,BAL,HOU,31,2,4,0,1
2024_17_BAL_HOU,2024,17,2024-12-25,HOU,BAL,2,31,4,1,0
2024_17_CAR_TB,2024,17,2024-12-29,CAR,TB,14,48,7,0,0
2024_17_CAR_TB,2024,17,2024-12-29,TB,CAR,48,14,7,1,1
2024_17_DAL_PHI,2024,17,2024-12-29,DAL,PHI,7,41,7,0,0
2024_17_DAL_PHI,2024,17,2024-12-29,PHI,DAL,41,7,7,1,1
2024_17_DEN_CIN,2024,17,2024-12-28,CIN,DEN,30,24,6,1,1
2024_17_DEN_CIN,2024,17,2024-12-28,DEN,CIN,24,30,9,0,0
2024_17_DET_SF,2024,17,2024-12-30,DET,SF,40,34,8,0,1
2024_17_DET_SF,2024,17,2024-12-30,SF,DET,34,40,8,1,0
2024_17_GB_MIN,2024,17,2024-12-29,GB,MIN,25,27,6,0,0
2024_17_GB_MIN,2024,17,2024-12-29,MIN,GB,27,25,7,1,1
2024_17_IND_NYG,2024,17,2024-12-29,IND,NYG,33,45,7,0,0
2024_17_IND_NYG,2024,17,2024-12-29,NYG,IND,45,33,7,1,1
2024_17_KC_PIT,2024,17,2024-12-25,KC,PIT,29,10,4,0,1
2024_17_KC_PIT,2024,17,2024-12-25,PIT,KC,10,29,4,1,0
2024_17_LAC_NE,2024,17,2024-12-28,LAC,NE,40,7,9,0,1
2024_17_LAC_NE,2024,17,2024-12-28,NE,LAC,7,40,6,1,0
2024_17_LV_NO,2024,17,2024-12-29,LV,NO,25,10,7,0,1
2024_17_LV_NO,2024,17,2024-12-29,NO,LV,10,25,6,1,0
2024_17_MIA_CLE,2024,17,2024-12-29,CLE,MIA,3,20,7,1,0
2024_17_MIA_CLE,2024,17,2024-12-29,MIA,CLE,20,3,7,0,1
2024_17_NYJ_BUF,2024,17,2024-12-29,BUF,NYJ,40,14,7,1,1
2024_17_NYJ_BUF,2024,17,2024-12-29,NYJ,BUF,14,40,7,0,0
2024_17_SEA_CHI,2024,17,2024-12-26,CHI,SEA,3,6,4,1,0
2024_17_SEA_CHI,2024,17,2024-12-26,SEA,CHI,6,3,4,0,1
2024_17_TEN_JAX,2024,17,2024-12-29,JAX,TEN,20,13,7,1,1
2024_17_TEN_JAX,2024,17,2024-12-29,TEN,JAX,13,20,7,0,0
2024_18_BUF_NE,2024,18,2025-01-05,BUF,NE,16,23,7,0,0
2024_18_BUF_NE,2024,18,2025-01-05,NE,BUF,23,16,8,1,1
2024_18_CAR_ATL,2024,18,2025-01-05,ATL,CAR,38,44,7,1,0
2024_18_CAR_ATL,2024,18,2025-01-05,CAR,ATL,44,38,7,0,1
2024_18_CHI_GB,2024,18,2025-01-05,CHI,GB,24,22,10,0,1
2024_18_CHI_GB,2024,18,2025-01-05,GB,CHI,22,24,7,1,0
2024_18_CIN_PIT,2024,18,2025-01-04,CIN,PIT,19,17,7,0,1
2024_18_CIN_PIT,2024,18,2025-01-04,PIT,CIN,17,19,10,1,0
2024_18_CLE_BAL,2024,18,2025-01-04,BAL,CLE,35,10,10,1,1
2024_18_CLE_BAL,2024,18,2025-01-04,CLE,BAL,10,35,6,0,0
2024_18_HOU_TEN,2024,18,2025-01-05,HOU,TEN,23,14,11,0,1
2024_18_HOU_TEN,2024,18,2025-01-05,TEN,HOU,14,23,7,1,0
2024_18_JAX_IND,2024,18,2025-01-05,IND,JAX,26,23,7,1,1
2024_18_JAX_IND,2024,18,2025-01-05,JAX,IND,23,26,7,0,0
2024_18_KC_DEN,2024,18,2025-01-05,DEN,KC,38,0,8,1,1
2024_18_KC_DEN,2024,18,2025-01-05,KC,DEN,0,38,11,0,0
2024_18_LAC_LV,2024,18,2025-01-05,LAC,LV,34,20,8,0,1
2024_18_LAC_LV,2024,18,2025-01-05,LV,LAC,20,34,7,1,0
2024_18_MIA_NYJ,2024,18,2025-01-05,MIA,NYJ,20,32,7,0,0
2024_18_MIA_NYJ,2024,18,2025-01-05,NYJ,MIA,32,20,7,1,1
2024_18_MIN_DET,2024,18,2025-01-05,DET,MIN,31,9,6,1,1
2024_18_MIN_DET,2024,18,2025-01-05,MIN,DET,9,31,7,0,0
2024_18_NO_TB,2024,18,2025-01-05,NO,TB,19,27,7,0,0
2024_18_NO_TB,2024,18,2025-01-05,TB,NO,27,19,7,1,1
2024_18_NYG_PHI,2024,18,2025-01-05,NYG,PHI,13,20,7,0,0
2024_18_NYG_PHI,2024,18,2025-01-05,PHI,NYG,20,13,7,1,1
2024_18_SEA_LA,2024,18,2025-01-05,LA,SEA,25,30,8,1,0
2024_18_SEA_LA,2024,18,2025-01-05,SEA,LA,30,25,10,0,1
2024_18_SF_ARI,2024,18,2025-01-05,ARI,SF,47,24,8,1,1
2024_18_SF_ARI,2024,18,2025-01-05,SF,ARI,24,47,6,0,0
2024_18_WAS_DAL,2024,18,2025-01-05,DAL,WAS,19,23,7,1,0
2024_18_WAS_DAL,2024,18,2025-01-05,WAS,DAL,23,19,7,0,1
2025_01_ARI_NO,2025,1,2025-09-07,ARI,NO,20,13,7,0,1
2025_01_ARI_NO,2025,1,2025-09-07,NO,ARI,13,20,7,1,0
2025_01_BAL_BUF,2025,1,2025-09-07,BAL,BUF,40,41,7,0,0
2025_01_BAL_BUF,2025,1,2025-09-07,BUF,BAL,41,40,7,1,1
2025_01_CAR_JAX,2025,1,2025-09-07,CAR,JAX,10,26,7,0,0
2025_01_CAR_JAX,2025,1,2025-09-07,JAX,CAR,26,10,7,1,1
2025_01_CIN_CLE,2025,1,2025-09-07,CIN,CLE,17,16,7,0,1
2025_01_CIN_CLE,2025,1,2025-09-07,CLE,CIN,16,17,7,1,0
2025_01_DAL_PHI,2025,1,2025-09-04,DAL,PHI,20,24,7,0,0
2025_01_DAL_PHI,2025,1,2025-09-04,PHI,DAL,24,20,7,1,1
2025_01_DET_GB,2025,1,2025-09-07,DET,GB,13,27,7,0,0
2025_01_DET_GB,2025,1,2025-09-07,GB,DET,27,13,7,1,1
2025_01_HOU_LA,2025,1,2025-09-07,HOU,LA,9,14,7,0,0
2025_01_HOU_LA,2025,1,2025-09-07,LA,HOU,14,9,7,1,1
2025_01_KC_LAC,2025,1,2025-09-05,KC,LAC,21,27,7,0,0
2025_01_KC_LAC,2025,1,2025-09-05,LAC,KC,27,21,7,1,1
2025_01_LV_NE,2025,1,2025-09-07,LV,NE,20,13,7,0,1
2025_01_LV_NE,2025,1,2025-09-07,NE,LV,13,20,7,1,0
2025_01_MIA_IND,2025,1,2025-09-07,IND,MIA,33,8,7,1,1
2025_01_MIA_IND,2025,1,2025-09-07,MIA,IND,8,33,7,0,0
2025_01_MIN_CHI,2025,1,2025-09-08,CHI,MIN,24,27,7,1,0
2025_01_MIN_CHI,2025,1,2025-09-08,MIN,CHI,27,24,7,0,1
2025_01_NYG_WAS,2025,1,2025-09-07,NYG,WAS,6,21,7,0,0
2025_01_NYG_WAS,2025,1,2025-09-07,WAS,NYG,21,6,7,1,1
2025_01_PIT_NYJ,2025,1,2025-09-07,NYJ,PIT,32,34,7,1,0
2025_01_PIT_NYJ,2025,1,2025-09-07,PIT,NYJ,34,32,7,0,1
2025_01_SF_SEA,2025,1,2025-09-07,SEA,SF,13,17,7,1,0
2025_01_SF_SEA,2025,1,2025-09-07,SF,SEA,17,13,7,0,1
2025_01_TB_ATL,2025,1,2025-09-07,ATL,TB,20,23,7,1,0
2025_01_TB_ATL,2025,1,2025-09-07,TB,ATL,23,20,7,0,1
2025_01_TEN_DEN,2025,1,2025-09-07,DEN,TEN,20,12,7,1,1
2025_01_TEN_DEN,2025,1,2025-09-07,TEN,DEN,12,20,7,0,0
2025_02_ATL_MIN,2025,2,2025-09-14,ATL,MIN,22,6,7,0,1
2025_02_ATL_MIN,2025,2,2025-09-14,MIN,ATL,6,22,6,1,0
2025_02_BUF_NYJ,2025,2,2025-09-14,BUF,NYJ,30,10,7,0,1
2025_02_BUF_NYJ,2025,2,2025-09-14,NYJ,BUF,10,30,7,1,0
2025_02_CAR_ARI,2025,2,2025-09-14,ARI,CAR,27,22,7,1,1
2025_02_CAR_ARI,2025,2,2025-09-14,CAR,ARI,22,27,7,0,0
2025_02_CHI_DET,2025,2,2025-09-14,CHI,DET,21,52,6,0,0
2025_02_CHI_DET,2025,2,2025-09-14,DET,CHI,52,21,7,1,1
2025_02_CLE_BAL,2025,2,2025-09-14,BAL,CLE,41,17,7,1,1
2025_02_CLE_BAL,2025,2,2025-09-14,CLE,BAL,17,41,7,0,0
2025_02_DEN_IND,2025,2,2025-09-14,DEN,IND,28,29,7,0,0
2025_02_DEN_IND,2025,2,2025-09-14,IND,DEN,29,28,7,1,1
2025_02_JAX_CIN,2025,2,2025-09-14,CIN,JAX,31,27,7,1,1
2025_02_JAX_CIN,2025,2,2025-09-14,JAX,CIN,27,31,7,0,0
2025_02_LAC_LV,2025,2,2025-09-15,LAC,LV,20,9,10,0,1
2025_02_LAC_LV,2025,2,2025-09-15,LV,LAC,9,20,8,1,0
2025_02_LA_TEN,2025,2,2025-09-14,LA,TEN,33,19,7,0,1
2025_02_LA_TEN,2025,2,2025-09-14,TEN,LA,19,33,7,1,0
2025_02_NE_MIA,2025,2,2025-09-14,MIA,NE,27,33,7,1,0
2025_02_NE_MIA,2025,2,2025-09-14,NE,MIA,33,27,7,0,1
2025_02_NYG_DAL,2025,2,2025-09-14,DAL,NYG,40,37,10,1,1
2025_02_NYG_DAL,2025,2,2025-09-14,NYG,DAL,37,40,7,0,0
2025_02_PHI_KC,2025,2,2025-09-14,KC,PHI,17,20,9,1,0
2025_02_PHI_KC,2025,2,2025-09-14,PHI,KC,20,17,10,0,1
2025_02_SEA_PIT,2025,2,2025-09-14,PIT,SEA,17,31,7,1,0
2025_02_SEA_PIT,2025,2,2025-09-14,SEA,PIT,31,17,7,0,1
2025_02_SF_NO,2025,2,2025-09-14,NO,SF,21,26,7,1,0
2025_02_SF_NO,2025,2,2025-09-14,SF,NO,26,21,7,0,1
2025_02_TB_HOU,2025,2,2025-09-15,HOU,TB,19,20,8,1,0
2025_02_TB_HOU,2025,2,2025-09-15,TB,HOU,20,19,8,0,1
2025_02_WAS_GB,2025,2,2025-09-11,GB,WAS,27,18,4,1,1
2025_02_WAS_GB,2025,2,2025-09-11,WAS,GB,18,27,4,0,0
2025_03_ARI_SF,2025,3,2025-09-21,ARI,SF,15,16,7,0,0
2025_03_ARI_SF,2025,3,2025-09-21,SF,ARI,16,15,7,1,1
2025_03_ATL_CAR,2025,3,2025-09-21,ATL,CAR,0,30,7,0,0
2025_03_ATL_CAR,2025,3,2025-09-21,CAR,ATL,30,0,7,1,1
2025_03_CIN_MIN,2025,3,2025-09-21,CIN,MIN,10,48,7,0,0
2025_03_CIN_MIN,2025,3,2025-09-21,MIN,CIN,48,10,7,1,1
2025_03_DAL_CHI,2025,3,2025-09-21,CHI,DAL,31,14,7,1,1
2025_03_DAL_CHI,2025,3,2025-09-21,DAL,CHI,14,31,7,0,0
2025_03_DEN_LAC,2025,3,2025-09-21,DEN,LAC,20,23,7,0,0
2025_03_DEN_LAC,2025,3,2025-09-21,LAC,DEN,23,20,6,1,1
2025_03_DET_BAL,2025,3,2025-09-22,BAL,DET,30,38,8,1,0
2025_03_DET_BAL,2025,3,2025-09-22,DET,BAL,38,30,8,0,1
2025_03_GB_CLE,2025,3,2025-09-21,CLE,GB,13,10,7,1,1
2025_03_GB_CLE,2025,3,2025-09-21,GB,CLE,10,13,10,0,0
2025_03_HOU_JAX,2025,3,2025-09-21,HOU,JAX,10,17,6,0,0
2025_03_HOU_JAX,2025,3,2025-09-21,JAX,HOU,17,10,7,1,1
2025_03_IND_TEN,2025,3,2025-09-21,IND,TEN,41,20,7,0,1
2025_03_IND_TEN,2025,3,2025-09-21,TEN,IND,20,41,7,1,0
2025_03_KC_NYG,2025,3,2025-09-21,KC,NYG,22,9,7,0,1
2025_03_KC_NYG,2025,3,2025-09-21,NYG,KC,9,22,7,1,0
2025_03_LA_PHI,2025,3,2025-09-21,LA,PHI,26,33,7,0,0
2025_03_LA_PHI,2025,3,2025-09-21,PHI,LA,33,26,7,1,1
2025_03_LV_WAS,2025,3,2025-09-21,LV,WAS,24,41,6,0,0
2025_03_LV_WAS,2025,3,2025-09-21,WAS,LV,41,24,10,1,1
2025_03_MIA_BUF,2025,3,2025-09-18,BUF,MIA,31,21,4,1,1
2025_03_MIA_BUF,2025,3,2025-09-18,MIA,BUF,21,31,4,0,0
2025_03_NO_SEA,2025,3,2025-09-21,NO,SEA,13,44,7,0,0
2025_03_NO_SEA,2025,3,2025-09-21,SEA,NO,44,13,7,1,1
2025_03_NYJ_TB,2025,3,2025-09-21,NYJ,TB,27,29,7,0,0
2025_03_NYJ_TB,2025,3,2025-09-21,TB,NYJ,29,27,6,1,1
2025_03_PIT_NE,2025,3,2025-09-21,NE,PIT,14,21,7,1,0
2025_03_PIT_NE,2025,3,2025-09-21,PIT,NE,21,14,7,0,1
2025_04_BAL_KC,2025,4,2025-09-28,BAL,KC,20,37,6,0,0
2025_04_BAL_KC,2025,4,2025-09-28,KC,BAL,37,20,7,1,1
2025_04_CAR_NE,2025,4,2025-09-28,CAR,NE,13,42,7,0,0
2025_04_CAR_NE,2025,4,2025-09-28,NE,CAR,42,13,7,1,1
2025_04_CHI_LV,2025,4,2025-09-28,CHI,LV,25,24,7,0,1
2025_04_CHI_LV,2025,4,2025-09-28,LV,CHI,24,25,7,1,0
2025_04_CIN_DEN,2025,4,2025-09-29,CIN,DEN,3,28,8,0,0
2025_04_CIN_DEN,2025,4,2025-09-29,DEN,CIN,28,3,8,1,1
2025_04_CLE_DET,2025,4,2025-09-28,CLE,DET,10,34,7,0,0
2025_04_CLE_DET,2025,4,2025-09-28,DET,CLE,34,10,6,1,1
2025_04_GB_DAL,2025,4,2025-09-28,DAL,GB,40,40,7,1,0
2025_04_GB_DAL,2025,4,2025-09-28,GB,DAL,40,40,7,0,0
2025_04_IND_LA,2025,4,2025-09-28,IND,LA,20,27,7,0,0
2025_04_IND_LA,2025,4,2025-09-28,LA,IND,27,20,7,1,1
2025_04_JAX_SF,2025,4,2025-09-28,JAX,SF,26,21,7,0,1
2025_04_JAX_SF,2025,4,2025-09-28,SF,JAX,21,26,7,1,0
2025_04_LAC_NYG,2025,4,2025-09-28,LAC,NYG,18,21,7,0,0
2025_04_LAC_NYG,2025,4,2025-09-28,NYG,LAC,21,18,7,1,1
2025_04_MIN_PIT,2025,4,2025-09-28,MIN,PIT,21,24,7,0,0
2025_04_MIN_PIT,2025,4,2025-09-28,PIT,MIN,24,21,7,1,1
2025_04_NO_BUF,2025,4,2025-09-28,BUF,NO,31,19,10,1,1
2025_04_NO_BUF,2025,4,2025-09-28,NO,BUF,19,31,7,0,0
2025_04_NYJ_MIA,2025,4,2025-09-29,MIA,NYJ,27,21,11,1,1
2025_04_NYJ_MIA,2025,4,2025-09-29,NYJ,MIA,21,27,8,0,0
2025_04_PHI_TB,2025,4,2025-09-28,PHI,TB,31,25,7,0,1
2025_04_PHI_TB,2025,4,2025-09-28,TB,PHI,25,31,7,1,0
2025_04_SEA_ARI,2025,4,2025-09-25,ARI,SEA,20,23,4,1,0
2025_04_SEA_ARI,2025,4,2025-09-25,SEA,ARI,23,20,4,0,1
2025_04_TEN_HOU,2025,4,2025-09-28,HOU,TEN,26,0,7,1,1
2025_04_TEN_HOU,2025,4,2025-09-28,TEN,HOU,0,26,7,0,0
2025_04_WAS_ATL,2025,4,2025-09-28,ATL,WAS,34,27,7,1,1
2025_04_WAS_ATL,2025,4,2025-09-28,WAS,ATL,27,34,7,0,0
2025_05_DAL_NYJ,2025,5,2025-10-05,DAL,NYJ,37,22,7,0,1
2025_05_DAL_NYJ,2025,5,2025-10-05,NYJ,DAL,22,37,6,1,0
2025_05_DEN_PHI,2025,5,2025-10-05,DEN,PHI,21,17,6,0,1
2025_05_DEN_PHI,2025,5,2025-10-05,PHI,DEN,17,21,7,1,0
2025_05_DET_CIN,2025,5,2025-10-05,CIN,DET,24,37,6,1,0
2025_05_DET_CIN,2025,5,2025-10-05,DET,CIN,37,24,7,0,1
2025_05_HOU_BAL,2025,5,2025-10-05,BAL,HOU,10,44,7,1,0
2025_05_HOU_BAL,2025,5,2025-10-05,HOU,BAL,44,10,7,0,1
2025_05_KC_JAX,2025,5,2025-10-06,JAX,KC,31,28,8,1,1
2025_05_KC_JAX,2025,5,2025-10-06,KC,JAX,28,31,8,0,0
2025_05_LV_IND,2025,5,2025-10-05,IND,LV,40,6,7,1,1
2025_05_LV_IND,2025,5,2025-10-05,LV,IND,6,40,7,0,0
2025_05_MIA_CAR,2025,5,2025-10-05,CAR,MIA,27,24,7,1,1
2025_05_MIA_CAR,2025,5,2025-10-05,MIA,CAR,24,27,6,0,0
2025_05_MIN_CLE,2025,5,2025-10-05,CLE,MIN,17,21,7,1,0
2025_05_MIN_CLE,2025,5,2025-10-05,MIN,CLE,21,17,7,0,1
2025_05_NE_BUF,2025,5,2025-10-05,BUF,NE,20,23,7,1,0
2025_05_NE_BUF,2025,5,2025-10-05,NE,BUF,23,20,7,0,1
2025_05_NYG_NO,2025,5,2025-10-05,NO,NYG,26,14,7,1,1
2025_05_NYG_NO,2025,5,2025-10-05,NYG,NO,14,26,7,0,0
2025_05_SF_LA,2025,5,2025-10-02,LA,SF,23,26,4,1,0
2025_05_SF_LA,2025,5,2025-10-02,SF,LA,26,23,4,0,1
2025_05_TB_SEA,2025,5,2025-10-05,SEA,TB,35,38,10,1,0
2025_05_TB_SEA,2025,5,2025-10-05,TB,SEA,38,35,7,0,1
2025_05_TEN_ARI,2025,5,2025-10-05,ARI,TEN,21,22,10,1,0
2025_05_TEN_ARI,2025,5,2025-10-05,TEN,ARI,22,21,7,0,1
2025_05_WAS_LAC,2025,5,2025-10-05,LAC,WAS,10,27,7,1,0
2025_05_WAS_LAC,2025,5,2025-10-05,WAS,LAC,27,10,7,0,1
2025_06_ARI_IND,2025,6,2025-10-12,ARI,IND,27,31,7,0,0
2025_06_ARI_IND,2025,6,2025-10-12,IND,ARI,31,27,7,1,1
2025_06_BUF_ATL,2025,6,2025-10-13,ATL,BUF,24,14,15,1,1
2025_06_BUF_ATL,2025,6,2025-10-13,BUF,ATL,14,24,8,0,0
2025_06_CHI_WAS,2025,6,2025-10-13,CHI,WAS,25,24,15,0,1
2025_06_CHI_WAS,2025,6,2025-10-13,WAS,CHI,24,25,8,1,0
2025_06_CIN_GB,2025,6,2025-10-12,CIN,GB,18,27,7,0,0
2025_06_CIN_GB,2025,6,2025-10-12,GB,CIN,27,18,14,1,1
2025_06_CLE_PIT,2025,6,2025-10-12,CLE,PIT,9,23,7,0,0
2025_06_CLE_PIT,2025,6,2025-10-12,PIT,CLE,23,9,14,1,1
2025_06_DAL_CAR,2025,6,2025-10-12,CAR,DAL,30,27,7,1,1
2025_06_DAL_CAR,2025,6,2025-10-12,DAL,CAR,27,30,7,0,0
2025_06_DEN_NYJ,2025,6,2025-10-12,DEN,NYJ,13,11,7,0,1
2025_06_DEN_NYJ,2025,6,2025-10-12,NYJ,DEN,11,13,7,1,0
2025_06_DET_KC,2025,6,2025-10-12,DET,KC,17,30,7,0,0
2025_06_DET_KC,2025,6,2025-10-12,KC,DET,30,17,6,1,1
2025_06_LAC_MIA,2025,6,2025-10-12,LAC,MIA,29,27,7,0,1
2025_06_LAC_MIA,2025,6,2025-10-12,MIA,LAC,27,29,7,1,0
2025_06_LA_BAL,2025,6,2025-10-12,BAL,LA,3,17,7,1,0
2025_06_LA_BAL,2025,6,2025-10-12,LA,BAL,17,3,10,0,1
2025_06_NE_NO,2025,6,2025-10-12,NE,NO,25,19,7,0,1
2025_06_NE_NO,2025,6,2025-10-12,NO,NE,19,25,7,1,0
2025_06_PHI_NYG,2025,6,2025-10-09,NYG,PHI,34,17,4,1,1
2025_06_PHI_NYG,2025,6,2025-10-09,PHI,NYG,17,34,4,0,0
2025_06_SEA_JAX,2025,6,2025-10-12,JAX,SEA,12,20,6,1,0
2025_06_SEA_JAX,2025,6,2025-10-12,SEA,JAX,20,12,7,0,1
2025_06_SF_TB,2025,6,2025-10-12,SF,TB,19,30,10,0,0
2025_06_SF_TB,2025,6,2025-10-12,TB,SF,30,19,7,1,1
2025_06_TEN_LV,2025,6,2025-10-12,LV,TEN,20,10,7,1,1
2025_06_TEN_LV,2025,6,2025-10-12,TEN,LV,10,20,7,0,0
2025_07_ATL_SF,2025,7,2025-10-19,ATL,SF,10,20,6,0,0
2025_07_ATL_SF,2025,7,2025-10-19,SF,ATL,20,10,7,1,1
2025_07_CAR_NYJ,2025,7,2025-10-19,CAR,NYJ,13,6,7,0,1
2025_07_CAR_NYJ,2025,7,2025-10-19,NYJ,CAR,6,13,7,1,0
2025_07_GB_ARI,2025,7,2025-10-19,ARI,GB,23,27,7,1,0
2025_07_GB_ARI,2025,7,2025-10-19,GB,ARI,27,23,7,0,1
2025_07_HOU_SEA,2025,7,2025-10-20,HOU,SEA,19,27,15,0,0
2025_07_HOU_SEA,2025,7,2025-10-20,SEA,HOU,27,19,8,1,1
2025_07_IND_LAC,2025,7,2025-10-19,IND,LAC,38,24,7,0,1
2025_07_IND_LAC,2025,7,2025-10-19,LAC,IND,24,38,7,1,0
2025_07_LA_JAX,2025,7,2025-10-19,JAX,LA,7,35,7,1,0
2025_07_LA_JAX,2025,7,2025-10-19,LA,JAX,35,7,7,0,1
2025_07_LV_KC,2025,7,2025-10-19,KC,LV,31,0,7,1,1
2025_07_LV_KC,2025,7,2025-10-19,LV,KC,0,31,7,0,0
2025_07_MIA_CLE,2025,7,2025-10-19,CLE,MIA,31,6,7,1,1
2025_07_MIA_CLE,2025,7,2025-10-19,MIA,CLE,6,31,7,0,0
2025_07_NE_TEN,2025,7,2025-10-19,NE,TEN,31,13,7,0,1
2025_07_NE_TEN,2025,7,2025-10-19,TEN,NE,13,31,7,1,0
2025_07_NO_CHI,2025,7,2025-10-19,CHI,NO,26,14,6,1,1
2025_07_NO_CHI,2025,7,2025-10-19,NO,CHI,14,26,7,0,0
2025_07_NYG_DEN,2025,7,2025-10-19,DEN,NYG,33,32,7,1,1
2025_07_NYG_DEN,2025,7,2025-10-19,NYG,DEN,32,33,10,0,0
2025_07_PHI_MIN,2025,7,2025-10-19,MIN,PHI,22,28,14,1,0
2025_07_PHI_MIN,2025,7,2025-10-19,PHI,MIN,28,22,10,0,1
2025_07_PIT_CIN,2025,7,2025-10-16,CIN,PIT,33,31,4,1,1
2025_07_PIT_CIN,2025,7,2025-10-16,PIT,CIN,31,33,4,0,0
2025_07_TB_DET,2025,7,2025-10-20,DET,TB,24,9,8,1,1
2025_07_TB_DET,2025,7,2025-10-20,TB,DET,9,24,8,0,0
2025_07_WAS_DAL,2025,7,2025-10-19,DAL,WAS,44,22,7,1,1
2025_07_WAS_DAL,2025,7,2025-10-19,WAS,DAL,22,44,6,0,0
2025_08_BUF_CAR,2025,8,2025-10-26,BUF,CAR,40,9,13,0,1
2025_08_BUF_CAR,2025,8,2025-10-26,CAR,BUF,9,40,7,1,0
2025_08_CHI_BAL,2025,8,2025-10-26,BAL,CHI,30,16,14,1,1
2025_08_CHI_BAL,2025,8,2025-10-26,CHI,BAL,16,30,7,0,0
2025_08_CLE_NE,2025,8,2025-10-26,CLE,NE,13,32,7,0,0
2025_08_CLE_NE,2025,8,2025-10-26,NE,CLE,32,13,7,1,1
2025_08_DAL_DEN,2025,8,2025-10-26,DAL,DEN,24,44,7,0,0
2025_08_DAL_DEN,2025,8,2025-10-26,DEN,DAL,44,24,7,1,1
2025_08_GB_PIT,2025,8,2025-10-26,GB,PIT,35,25,7,0,1
2025_08_GB_PIT,2025,8,2025-10-26,PIT,GB,25,35,10,1,0
2025_08_MIA_ATL,2025,8,2025-10-26,ATL,MIA,10,34,7,1,0
2025_08_MIA_ATL,2025,8,2025-10-26,MIA,ATL,34,10,7,0,1
2025_08_MIN_LAC,2025,8,2025-10-23,LAC,MIN,37,10,4,1,1
2025_08_MIN_LAC,2025,8,2025-10-23,MIN,LAC,10,37,4,0,0
2025_08_NYG_PHI,2025,8,2025-10-26,NYG,PHI,20,38,7,0,0
2025_08_NYG_PHI,2025,8,2025-10-26,PHI,NYG,38,20,7,1,1
2025_08_NYJ_CIN,2025,8,2025-10-26,CIN,NYJ,38,39,10,1,0
2025_08_NYJ_CIN,2025,8,2025-10-26,NYJ,CIN,39,38,7,0,1
2025_08_SF_HOU,2025,8,2025-10-26,HOU,SF,26,15,6,1,1
2025_08_SF_HOU,2025,8,2025-10-26,SF,HOU,15,26,7,0,0
2025_08_TB_NO,2025,8,2025-10-26,NO,TB,3,23,7,1,0
2025_08_TB_NO,2025,8,2025-10-26,TB,NO,23,3,6,0,1
2025_08_TEN_IND,2025,8,2025-10-26,IND,TEN,38,14,7,1,1
2025_08_TEN_IND,2025,8,2025-10-26,TEN,IND,14,38,7,0,0
2025_08_WAS_KC,2025,8,2025-10-27,KC,WAS,28,7,8,1,1
2025_08_WAS_KC,2025,8,2025-10-27,WAS,KC,7,28,8,0,0
2025_09_ARI_DAL,2025,9,2025-11-03,ARI,DAL,27,17,15,0,1
2025_09_ARI_DAL,2025,9,2025-11-03,DAL,ARI,17,27,8,1,0
2025_09_ATL_NE,2025,9,2025-11-02,ATL,NE,23,24,7,0,0
2025_09_ATL_NE,2025,9,2025-11-02,NE,ATL,24,23,7,1,1
2025_09_BAL_MIA,2025,9,2025-10-30,BAL,MIA,28,6,4,0,1
2025_09_BAL_MIA,2025,9,2025-10-30,MIA,BAL,6,28,4,1,0
2025_09_CAR_GB,2025,9,2025-11-02,CAR,GB,16,13,7,0,1
2025_09_CAR_GB,2025,9,2025-11-02,GB,CAR,13,16,7,1,0
2025_09_CHI_CIN,2025,9,2025-11-02,CHI,CIN,47,42,7,0,1
2025_09_CHI_CIN,2025,9,2025-11-02,CIN,CHI,42,47,7,1,0
2025_09_DEN_HOU,2025,9,2025-11-02,DEN,HOU,18,15,7,0,1
2025_09_DEN_HOU,2025,9,2025-11-02,HOU,DEN,15,18,7,1,0
2025_09_IND_PIT,2025,9,2025-11-02,IND,PIT,20,27,7,0,0
2025_09_IND_PIT,2025,9,2025-11-02,PIT,IND,27,20,7,1,1
2025_09_JAX_LV,2025,9,2025-11-02,JAX,LV,30,29,14,0,1
2025_09_JAX_LV,2025,9,2025-11-02,LV,JAX,29,30,14,1,0
2025_09_KC_BUF,2025,9,2025-11-02,BUF,KC,28,21,7,1,1
2025_09_KC_BUF,2025,9,2025-11-02,KC,BUF,21,28,6,0,0
2025_09_LAC_TEN,2025,9,2025-11-02,LAC,TEN,27,20,10,0,1
2025_09_LAC_TEN,2025,9,2025-11-02,TEN,LAC,20,27,7,1,0
2025_09_MIN_DET,2025,9,2025-11-02,DET,MIN,24,27,13,1,0
2025_09_MIN_DET,2025,9,2025-11-02,MIN,DET,27,24,10,0,1
2025_09_NO_LA,2025,9,2025-11-02,LA,NO,34,10,14,1,1
2025_09_NO_LA,2025,9,2025-11-02,NO,LA,10,34,7,0,0
2025_09_SEA_WAS,2025,9,2025-11-02,SEA,WAS,38,14,13,0,1
2025_09_SEA_WAS,2025,9,2025-11-02,WAS,SEA,14,38,6,1,0
2025_09_SF_NYG,2025,9,2025-11-02,NYG,SF,24,34,7,1,0
2025_09_SF_NYG,2025,9,2025-11-02,SF,NYG,34,24,7,0,1
2025_10_ARI_SEA,2025,10,2025-11-09,ARI,SEA,22,44,6,0,0
2025_10_ARI_SEA,2025,10,2025-11-09,SEA,ARI,44,22,7,1,1
2025_10_ATL_IND,2025,10,2025-11-09,ATL,IND,25,31,7,0,0
2025_10_ATL_IND,2025,10,2025-11-09,IND,ATL,31,25,7,1,1
2025_10_BAL_MIN,2025,10,2025-11-09,BAL,MIN,27,19,10,0,1
2025_10_BAL_MIN,2025,10,2025-11-09,MIN,BAL,19,27,7,1,0
2025_10_BUF_MIA,2025,10,2025-11-09,BUF,MIA,13,30,7,0,0
2025_10_BUF_MIA,2025,10,2025-11-09,MIA,BUF,30,13,10,1,1
2025_10_CLE_NYJ,2025,10,2025-11-09,CLE,NYJ,20,27,14,0,0
2025_10_CLE_NYJ,2025,10,2025-11-09,NYJ,CLE,27,20,14,1,1
2025_10_DET_WAS,2025,10,2025-11-09,DET,WAS,44,22,7,0,1
2025_10_DET_WAS,2025,10,2025-11-09,WAS,DET,22,44,7,1,0
2025_10_JAX_HOU,2025,10,2025-11-09,HOU,JAX,36,29,7,1,1
2025_10_JAX_HOU,2025,10,2025-11-09,JAX,HOU,29,36,7,0,0
2025_10_LA_SF,2025,10,2025-11-09,LA,SF,42,26,7,0,1
2025_10_LA_SF,2025,10,2025-11-09,SF,LA,26,42,7,1,0
2025_10_LV_DEN,2025,10,2025-11-06,DEN,LV,10,7,4,1,1
2025_10_LV_DEN,2025,10,2025-11-06,LV,DEN,7,10,4,0,0
2025_10_NE_TB,2025,10,2025-11-09,NE,TB,28,23,7,0,1
2025_10_NE_TB,2025,10,2025-11-09,TB,NE,23,28,14,1,0
2025_10_NO_CAR,2025,10,2025-11-09,CAR,NO,7,17,7,1,0
2025_10_NO_CAR,2025,10,2025-11-09,NO,CAR,17,7,7,0,1
2025_10_NYG_CHI,2025,10,2025-11-09,CHI,NYG,24,20,7,1,1
2025_10_NYG_CHI,2025,10,2025-11-09,NYG,CHI,20,24,7,0,0
2025_10_PHI_GB,2025,10,2025-11-10,GB,PHI,7,10,8,1,0
2025_10_PHI_GB,2025,10,2025-11-10,PHI,GB,10,7,15,0,1
2025_10_PIT_LAC,2025,10,2025-11-09,LAC,PIT,25,10,7,1,1
2025_10_PIT_LAC,2025,10,2025-11-09,PIT,LAC,10,25,7,0,0
2025_11_BAL_CLE,2025,11,2025-11-16,BAL,CLE,23,16,7,0,1
2025_11_BAL_CLE,2025,11,2025-11-16,CLE,BAL,16,23,7,1,0
2025_11_CAR_ATL,2025,11,2025-11-16,ATL,CAR,27,30,7,1,0
2025_11_CAR_ATL,2025,11,2025-11-16,CAR,ATL,30,27,7,0,1
2025_11_CHI_MIN,2025,11,2025-11-16,CHI,MIN,19,17,7,0,1
2025_11_CHI_MIN,2025,11,2025-11-16,MIN,CHI,17,19,7,1,0
2025_11_CIN_PIT,2025,11,2025-11-16,CIN,PIT,12,34,14,0,0
2025_11_CIN_PIT,2025,11,2025-11-16,PIT,CIN,34,12,7,1,1
2025_11_DAL_LV,2025,11,2025-11-17,DAL,LV,33,16,14,0,1
2025_11_DAL_LV,2025,11,2025-11-17,LV,DAL,16,33,11,1,0
2025_11_DET_PHI,2025,11,2025-11-16,DET,PHI,9,16,7,0,0
2025_11_DET_PHI,2025,11,2025-11-16,PHI,DET,16,9,6,1,1
2025_11_GB_NYG,2025,11,2025-11-16,GB,NYG,27,20,6,0,1
2025_11_GB_NYG,2025,11,2025-11-16,NYG,GB,20,27,7,1,0
2025_11_HOU_TEN,2025,11,2025-11-16,HOU,TEN,16,13,7,0,1
2025_11_HOU_TEN,2025,11,2025-11-16,TEN,HOU,13,16,14,1,0
2025_11_KC_DEN,2025,11,2025-11-16,DEN,KC,22,19,10,1,1
2025_11_KC_DEN,2025,11,2025-11-16,KC,DEN,19,22,14,0,0
2025_11_LAC_JAX,2025,11,2025-11-16,JAX,LAC,35,6,7,1,1
2025_11_LAC_JAX,2025,11,2025-11-16,LAC,JAX,6,35,7,0,0
2025_11_NYJ_NE,2025,11,2025-11-13,NE,NYJ,27,14,4,1,1
2025_11_NYJ_NE,2025,11,2025-11-13,NYJ,NE,14,27,4,0,0
2025_11_SEA_LA,2025,11,2025-11-16,LA,SEA,21,19,7,1,1
2025_11_SEA_LA,2025,11,2025-11-16,SEA,LA,19,21,7,0,0
2025_11_SF_ARI,2025,11,2025-11-16,ARI,SF,22,41,7,1,0
2025_11_SF_ARI,2025,11,2025-11-16,SF,ARI,41,22,7,0,1
2025_11_TB_BUF,2025,11,2025-11-16,BUF,TB,44,32,7,1,1
2025_11_TB_BUF,2025,11,2025-11-16,TB,BUF,32,44,7,0,0
2025_11_WAS_MIA,2025,11,2025-11-16,MIA,WAS,16,13,7,1,1
2025_11_WAS_MIA,2025,11,2025-11-16,WAS,MIA,13,16,7,0,0
2025_12_ATL_NO,2025,12,2025-11-23,ATL,NO,24,10,7,0,1
2025_12_ATL_NO,2025,12,2025-11-23,NO,ATL,10,24,14,1,0
2025_12_BUF_HOU,2025,12,2025-11-20,BUF,HOU,19,23,4,0,0
2025_12_BUF_HOU,2025,12,2025-11-20,HOU,BUF,23,19,4,1,1
2025_12_CAR_SF,2025,12,2025-11-24,CAR,SF,9,20,8,0,0
2025_12_CAR_SF,2025,12,2025-11-24,SF,CAR,20,9,8,1,1
2025_12_CLE_LV,2025,12,2025-11-23,CLE,LV,24,10,7,0,1
2025_12_CLE_LV,2025,12,2025-11-23,LV,CLE,10,24,6,1,0
2025_12_IND_KC,2025,12,2025-11-23,IND,KC,20,23,14,0,0
2025_12_IND_KC,2025,12,2025-11-23,KC,IND,23,20,7,1,1
2025_12_JAX_ARI,2025,12,2025-11-23,ARI,JAX,24,27,7,1,0
2025_12_JAX_ARI,2025,12,2025-11-23,JAX,ARI,27,24,7,0,1
2025_12_MIN_GB,2025,12,2025-11-23,GB,MIN,23,6,7,1,1
2025_12_MIN_GB,2025,12,2025-11-23,MIN,GB,6,23,7,0,0
2025_12_NE_CIN,2025,12,2025-11-23,CIN,NE,20,26,7,1,0
2025_12_NE_CIN,2025,12,2025-11-23,NE,CIN,26,20,10,0,1
2025_12_NYG_DET,2025,12,2025-11-23,DET,NYG,34,27,7,1,1
2025_12_NYG_DET,2025,12,2025-11-23,NYG,DET,27,34,7,0,0
2025_12_NYJ_BAL,2025,12,2025-11-23,BAL,NYJ,23,10,7,1,1
2025_12_NYJ_BAL,2025,12,2025-11-23,NYJ,BAL,10,23,10,0,0
2025_12_PHI_DAL,2025,12,2025-11-23,DAL,PHI,24,21,6,1,1
2025_12_PHI_DAL,2025,12,2025-11-23,PHI,DAL,21,24,7,0,0
2025_12_PIT_CHI,2025,12,2025-11-23,CHI,PIT,31,28,7,1,1
2025_12_PIT_CHI,2025,12,2025-11-23,PIT,CHI,28,31,7,0,0
2025_12_SEA_TEN,2025,12,2025-11-23,SEA,TEN,30,24,7,0,1
2025_12_SEA_TEN,2025,12,2025-11-23,TEN,SEA,24,30,7,1,0
2025_12_TB_LA,2025,12,2025-11-23,LA,TB,34,7,7,1,1
2025_12_TB_LA,2025,12,2025-11-23,TB,LA,7,34,7,0,0
2025_13_ARI_TB,2025,13,2025-11-30,ARI,TB,17,20,7,0,0
2025_13_ARI_TB,2025,13,2025-11-30,TB,ARI,20,17,7,1,1
2025_13_ATL_NYJ,2025,13,2025-11-30,ATL,NYJ,24,27,7,0,0
2025_13_ATL_NYJ,2025,13,2025-11-30,NYJ,ATL,27,24,7,1,1
2025_13_BUF_PIT,2025,13,2025-11-30,BUF,PIT,26,7,10,0,1
2025_13_BUF_PIT,2025,13,2025-11-30,PIT,BUF,7,26,7,1,0
2025_13_CHI_PHI,2025,13,2025-11-28,CHI,PHI,24,15,5,0,1
2025_13_CHI_PHI,2025,13,2025-11-28,PHI,CHI,15,24,5,1,0
2025_13_CIN_BAL,2025,13,2025-11-27,BAL,CIN,14,32,4,1,0
2025_13_CIN_BAL,2025,13,2025-11-27,CIN,BAL,32,14,4,0,1
2025_13_DEN_WAS,2025,13,2025-11-30,DEN,WAS,27,26,14,0,1
2025_13_DEN_WAS,2025,13,2025-11-30,WAS,DEN,26,27,14,1,0
2025_13_GB_DET,2025,13,2025-11-27,DET,GB,24,31,4,1,0
2025_13_GB_DET,2025,13,2025-11-27,GB,DET,31,24,4,0,1
2025_13_HOU_IND,2025,13,2025-11-30,HOU,IND,20,16,10,0,1
2025_13_HOU_IND,2025,13,2025-11-30,IND,HOU,16,20,7,1,0
2025_13_JAX_TEN,2025,13,2025-11-30,JAX,TEN,25,3,7,0,1
2025_13_JAX_TEN,2025,13,2025-11-30,TEN,JAX,3,25,7,1,0
2025_13_KC_DAL,2025,13,2025-11-27,DAL,KC,31,28,4,1,1
2025_13_KC_DAL,2025,13,2025-11-27,KC,DAL,28,31,4,0,0
2025_13_LA_CAR,2025,13,2025-11-30,CAR,LA,31,28,6,1,1
2025_13_LA_CAR,2025,13,2025-11-30,LA,CAR,28,31,7,0,0
2025_13_LV_LAC,2025,13,2025-11-30,LAC,LV,31,14,14,1,1
2025_13_LV_LAC,2025,13,2025-11-30,LV,LAC,14,31,7,0,0
2025_13_MIN_SEA,2025,13,2025-11-30,MIN,SEA,0,26,7,0,0
2025_13_MIN_SEA,2025,13,2025-11-30,SEA,MIN,26,0,7,1,1
2025_13_NO_MIA,2025,13,2025-11-30,MIA,NO,21,17,14,1,1
2025_13_NO_MIA,2025,13,2025-11-30,NO,MIA,17,21,7,0,0
2025_13_NYG_NE,2025,13,2025-12-01,NE,NYG,33,15,8,1,1
2025_13_NYG_NE,2025,13,2025-12-01,NYG,NE,15,33,8,0,0
2025_13_SF_CLE,2025,13,2025-11-30,CLE,SF,8,26,7,1,0
2025_13_SF_CLE,2025,13,2025-11-30,SF,CLE,26,8,6,0,1
2025_14_CHI_GB,2025,14,2025-12-07,CHI,GB,21,28,9,0,0
2025_14_CHI_GB,2025,14,2025-12-07,GB,CHI,28,21,10,1,1
2025_14_CIN_BUF,2025,14,2025-12-07,BUF,CIN,39,34,7,1,1
2025_14_CIN_BUF,2025,14,2025-12-07,CIN,BUF,34,39,10,0,0
2025_14_DAL_DET,2025,14,2025-12-04,DAL,DET,30,44,7,0,0
2025_14_DAL_DET,2025,14,2025-12-04,DET,DAL,44,30,7,1,1
2025_14_DEN_LV,2025,14,2025-12-07,DEN,LV,24,17,7,0,1
2025_14_DEN_LV,2025,14,2025-12-07,LV,DEN,17,24,7,1,0
2025_14_HOU_KC,2025,14,2025-12-07,HOU,KC,20,10,7,0,1
2025_14_HOU_KC,2025,14,2025-12-07,KC,HOU,10,20,10,1,0
2025_14_IND_JAX,2025,14,2025-12-07,IND,JAX,19,36,7,0,0
2025_14_IND_JAX,2025,14,2025-12-07,JAX,IND,36,19,7,1,1
2025_14_LA_ARI,2025,14,2025-12-07,ARI,LA,17,45,7,1,0
2025_14_LA_ARI,2025,14,2025-12-07,LA,ARI,45,17,7,0,1
2025_14_MIA_NYJ,2025,14,2025-12-07,MIA,NYJ,34,10,7,0,1
2025_14_MIA_NYJ,2025,14,2025-12-07,NYJ,MIA,10,34,7,1,0
2025_14_NO_TB,2025,14,2025-12-07,NO,TB,24,20,7,0,1
2025_14_NO_TB,2025,14,2025-12-07,TB,NO,20,24,7,1,0
2025_14_PHI_LAC,2025,14,2025-12-08,LAC,PHI,22,19,8,1,1
2025_14_PHI_LAC,2025,14,2025-12-08,PHI,LAC,19,22,10,0,0
2025_14_PIT_BAL,2025,14,2025-12-07,BAL,PIT,22,27,10,1,0
2025_14_PIT_BAL,2025,14,2025-12-07,PIT,BAL,27,22,7,0,1
2025_14_SEA_ATL,2025,14,2025-12-07,ATL,SEA,9,37,7,1,0
2025_14_SEA_ATL,2025,14,2025-12-07,SEA,ATL,37,9,7,0,1
2025_14_TEN_CLE,2025,14,2025-12-07,CLE,TEN,29,31,7,1,0
2025_14_TEN_CLE,2025,14,2025-12-07,TEN,CLE,31,29,7,0,1
2025_14_WAS_MIN,2025,14,2025-12-07,MIN,WAS,31,0,7,1,1
2025_14_WAS_MIN,2025,14,2025-12-07,WAS,MIN,0,31,7,0,0
2025_15_ARI_HOU,2025,15,2025-12-14,ARI,HOU,20,40,7,0,0
2025_15_ARI_HOU,2025,15,2025-12-14,HOU,ARI,40,20,7,1,1
2025_15_ATL_TB,2025,15,2025-12-11,ATL,TB,29,28,4,0,1
2025_15_ATL_TB,2025,15,2025-12-11,TB,ATL,28,29,4,1,0
2025_15_BAL_CIN,2025,15,2025-12-14,BAL,CIN,24,0,7,0,1
2025_15_BAL_CIN,2025,15,2025-12-14,CIN,BAL,0,24,7,1,0
2025_15_BUF_NE,2025,15,2025-12-14,BUF,NE,35,31,7,0,1
2025_15_BUF_NE,2025,15,2025-12-14,NE,BUF,31,35,13,1,0
2025_15_CAR_NO,2025,15,2025-12-14,CAR,NO,17,20,14,0,0
2025_15_CAR_NO,2025,15,2025-12-14,NO,CAR,20,17,7,1,1
2025_15_CLE_CHI,2025,15,2025-12-14,CHI,CLE,31,3,7,1,1
2025_15_CLE_CHI,2025,15,2025-12-14,CLE,CHI,3,31,7,0,0
2025_15_DET_LA,2025,15,2025-12-14,DET,LA,34,41,10,0,0
2025_15_DET_LA,2025,15,2025-12-14,LA,DET,41,34,7,1,1
2025_15_GB_DEN,2025,15,2025-12-14,DEN,GB,34,26,7,1,1
2025_15_GB_DEN,2025,15,2025-12-14,GB,DEN,26,34,7,0,0
2025_15_IND_SEA,2025,15,2025-12-14,IND,SEA,16,18,7,0,0
2025_15_IND_SEA,2025,15,2025-12-14,SEA,IND,18,16,7,1,1
2025_15_LAC_KC,2025,15,2025-12-14,KC,LAC,13,16,7,1,0
2025_15_LAC_KC,2025,15,2025-12-14,LAC,KC,16,13,6,0,1
2025_15_LV_PHI,2025,15,2025-12-14,LV,PHI,0,31,7,0,0
2025_15_LV_PHI,2025,15,2025-12-14,PHI,LV,31,0,6,1,1
2025_15_MIA_PIT,2025,15,2025-12-15,MIA,PIT,15,28,8,0,0
2025_15_MIA_PIT,2025,15,2025-12-15,PIT,MIA,28,15,8,1,1
2025_15_MIN_DAL,2025,15,2025-12-14,DAL,MIN,26,34,10,1,0
2025_15_MIN_DAL,2025,15,2025-12-14,MIN,DAL,34,26,7,0,1
2025_15_NYJ_JAX,2025,15,2025-12-14,JAX,NYJ,48,20,7,1,1
2025_15_NYJ_JAX,2025,15,2025-12-14,NYJ,JAX,20,48,7,0,0
2025_15_TEN_SF,2025,15,2025-12-14,SF,TEN,37,24,14,1,1
2025_15_TEN_SF,2025,15,2025-12-14,TEN,SF,24,37,7,0,0
2025_15_WAS_NYG,2025,15,2025-12-14,NYG,WAS,21,29,13,1,0
2025_15_WAS_NYG,2025,15,2025-12-14,WAS,NYG,29,21,7,0,1
2025_16_ATL_ARI,2025,16,2025-12-21,ARI,ATL,19,26,7,1,0
2025_16_ATL_ARI,2025,16,2025-12-21,ATL,ARI,26,19,10,0,1
2025_16_BUF_CLE,2025,16,2025-12-21,BUF,CLE,23,20,7,0,1
2025_16_BUF_CLE,2025,16,2025-12-21,CLE,BUF,20,23,7,1,0
2025_16_CIN_MIA,2025,16,2025-12-21,CIN,MIA,45,21,7,0,1
2025_16_CIN_MIA,2025,16,2025-12-21,MIA,CIN,21,45,6,1,0
2025_16_GB_CHI,2025,16,2025-12-20,CHI,GB,22,16,6,1,1
2025_16_GB_CHI,2025,16,2025-12-20,GB,CHI,16,22,6,0,0
2025_16_JAX_DEN,2025,16,2025-12-21,DEN,JAX,20,34,7,1,0
2025_16_JAX_DEN,2025,16,2025-12-21,JAX,DEN,34,20,7,0,1
2025_16_KC_TEN,2025,16,2025-12-21,KC,TEN,9,26,7,0,0
2025_16_KC_TEN,2025,16,2025-12-21,TEN,KC,26,9,7,1,1
2025_16_LAC_DAL,2025,16,2025-12-21,DAL,LAC,17,34,7,1,0
2025_16_LAC_DAL,2025,16,2025-12-21,LAC,DAL,34,17,7,0,1
2025_16_LA_SEA,2025,16,2025-12-18,LA,SEA,37,38,4,0,0
2025_16_LA_SEA,2025,16,2025-12-18,SEA,LA,38,37,4,1,1
2025_16_LV_HOU,2025,16,2025-12-21,HOU,LV,23,21,7,1,1
2025_16_LV_HOU,2025,16,2025-12-21,LV,HOU,21,23,7,0,0
2025_16_MIN_NYG,2025,16,2025-12-21,MIN,NYG,16,13,7,0,1
2025_16_MIN_NYG,2025,16,2025-12-21,NYG,MIN,13,16,7,1,0
2025_16_NE_BAL,2025,16,2025-12-21,BAL,NE,24,28,7,1,0
2025_16_NE_BAL,2025,16,2025-12-21,NE,BAL,28,24,7,0,1
2025_16_NYJ_NO,2025,16,2025-12-21,NO,NYJ,29,6,7,1,1
2025_16_NYJ_NO,2025,16,2025-12-21,NYJ,NO,6,29,7,0,0
2025_16_PHI_WAS,2025,16,2025-12-20,PHI,WAS,29,18,6,0,1
2025_16_PHI_WAS,2025,16,2025-12-20,WAS,PHI,18,29,6,1,0
2025_16_PIT_DET,2025,16,2025-12-21,DET,PIT,24,29,7,1,0
2025_16_PIT_DET,2025,16,2025-12-21,PIT,DET,29,24,6,0,1
2025_16_SF_IND,2025,16,2025-12-22,IND,SF,27,48,8,1,0
2025_16_SF_IND,2025,16,2025-12-22,SF,IND,48,27,8,0,1
2025_16_TB_CAR,2025,16,2025-12-21,CAR,TB,23,20,7,1,1
2025_16_TB_CAR,2025,16,2025-12-21,TB,CAR,20,23,10,0,0
2025_17_ARI_CIN,2025,17,2025-12-28,ARI,CIN,14,37,7,0,0
2025_17_ARI_CIN,2025,17,2025-12-28,CIN,ARI,37,14,7,1,1
2025_17_BAL_GB,2025,17,2025-12-27,BAL,GB,41,24,6,0,1
2025_17_BAL_GB,2025,17,2025-12-27,GB,BAL,24,41,7,1,0
2025_17_CHI_SF,2025,17,2025-12-28,CHI,SF,38,42,8,0,0
2025_17_CHI_SF,2025,17,2025-12-28,SF,CHI,42,38,6,1,1
2025_17_DAL_WAS,2025,17,2025-12-25,DAL,WAS,30,23,4,0,1
2025_17_DAL_WAS,2025,17,2025-12-25,WAS,DAL,23,30,5,1,0
2025_17_DEN_KC,2025,17,2025-12-25,DEN,KC,20,13,4,0,1
2025_17_DEN_KC,2025,17,2025-12-25,KC,DEN,13,20,4,1,0
2025_17_DET_MIN,2025,17,2025-12-25,DET,MIN,10,23,4,0,0
2025_17_DET_MIN,2025,17,2025-12-25,MIN,DET,23,10,4,1,1
2025_17_HOU_LAC,2025,17,2025-12-27,HOU,LAC,20,16,6,0,1
2025_17_HOU_LAC,2025,17,2025-12-27,LAC,HOU,16,20,6,1,0
2025_17_JAX_IND,2025,17,2025-12-28,IND,JAX,17,23,6,1,0
2025_17_JAX_IND,2025,17,2025-12-28,JAX,IND,23,17,7,0,1
2025_17_LA_ATL,2025,17,2025-12-29,ATL,LA,27,24,8,1,1
2025_17_LA_ATL,2025,17,2025-12-29,LA,ATL,24,27,11,0,0
2025_17_NE_NYJ,2025,17,2025-12-28,NE,NYJ,42,10,7,0,1
2025_17_NE_NYJ,2025,17,2025-12-28,NYJ,NE,10,42,7,1,0
2025_17_NO_TEN,2025,17,2025-12-28,NO,TEN,34,26,7,0,1
2025_17_NO_TEN,2025,17,2025-12-28,TEN,NO,26,34,7,1,0
2025_17_NYG_LV,2025,17,2025-12-28,LV,NYG,10,34,7,1,0
2025_17_NYG_LV,2025,17,2025-12-28,NYG,LV,34,10,7,0,1
2025_17_PHI_BUF,2025,17,2025-12-28,BUF,PHI,12,13,7,1,0
2025_17_PHI_BUF,2025,17,2025-12-28,PHI,BUF,13,12,8,0,1
2025_17_PIT_CLE,2025,17,2025-12-28,CLE,PIT,13,6,7,1,1
2025_17_PIT_CLE,2025,17,2025-12-28,PIT,CLE,6,13,7,0,0
2025_17_SEA_CAR,2025,17,2025-12-28,CAR,SEA,10,27,7,1,0
2025_17_SEA_CAR,2025,17,2025-12-28,SEA,CAR,27,10,10,0,1
2025_17_TB_MIA,2025,17,2025-12-28,MIA,TB,20,17,7,1,1
2025_17_TB_MIA,2025,17,2025-12-28,TB,MIA,17,20,7,0,0
2025_18_ARI_LA,2025,18,2026-01-04,ARI,LA,20,37,7,0,0
2025_18_ARI_LA,2025,18,2026-01-04,LA,ARI,37,20,6,1,1
2025_18_BAL_PIT,2025,18,2026-01-04,BAL,PIT,24,26,8,0,0
2025_18_BAL_PIT,2025,18,2026-01-04,PIT,BAL,26,24,7,1,1
2025_18_CAR_TB,2025,18,2026-01-03,CAR,TB,14,16,6,0,0
2025_18_CAR_TB,2025,18,2026-01-03,TB,CAR,16,14,6,1,1
2025_18_CLE_CIN,2025,18,2026-01-04,CIN,CLE,18,20,7,1,0
2025_18_CLE_CIN,2025,18,2026-01-04,CLE,CIN,20,18,7,0,1
2025_18_DAL_NYG,2025,18,2026-01-04,DAL,NYG,17,34,10,0,0
2025_18_DAL_NYG,2025,18,2026-01-04,NYG,DAL,34,17,7,1,1
2025_18_DET_CHI,2025,18,2026-01-04,CHI,DET,16,19,7,1,0
2025_18_DET_CHI,2025,18,2026-01-04,DET,CHI,19,16,10,0,1
2025_18_GB_MIN,2025,18,2026-01-04,GB,MIN,3,16,8,0,0
2025_18_GB_MIN,2025,18,2026-01-04,MIN,GB,16,3,10,1,1
2025_18_IND_HOU,2025,18,2026-01-04,HOU,IND,38,30,8,1,1
2025_18_IND_HOU,2025,18,2026-01-04,IND,HOU,30,38,7,0,0
2025_18_KC_LV,2025,18,2026-01-04,KC,LV,12,14,10,0,0
2025_18_KC_LV,2025,18,2026-01-04,LV,KC,14,12,7,1,1
2025_18_LAC_DEN,2025,18,2026-01-04,DEN,LAC,19,3,10,1,1
2025_18_LAC_DEN,2025,18,2026-01-04,LAC,DEN,3,19,8,0,0
2025_18_MIA_NE,2025,18,2026-01-04,MIA,NE,10,38,7,0,0
2025_18_MIA_NE,2025,18,2026-01-04,NE,MIA,38,10,7,1,1
2025_18_NO_ATL,2025,18,2026-01-04,ATL,NO,19,17,6,1,1
2025_18_NO_ATL,2025,18,2026-01-04,NO,ATL,17,19,7,0,0
2025_18_NYJ_BUF,2025,18,2026-01-04,BUF,NYJ,35,8,7,1,1
2025_18_NYJ_BUF,2025,18,2026-01-04,NYJ,BUF,8,35,7,0,0
2025_18_SEA_SF,2025,18,2026-01-03,SEA,SF,13,3,6,0,1
2025_18_SEA_SF,2025,18,2026-01-03,SF,SEA,3,13,6,1,0
2025_18_TEN_JAX,2025,18,2026-01-04,JAX,TEN,41,7,7,1,1
2025_18_TEN_JAX,2025,18,2026-01-04,TEN,JAX,7,41,7,0,0
2025_18_WAS_PHI,2025,18,2026-01-04,PHI,WAS,17,24,7,1,0
2025_18_WAS_PHI,2025,18,2026-01-04,WAS,PHI,24,17,10,0,1
